e4,c5,Nf3,Nc6,Bb5,e6,Bxc6,bxc6,d3,Ne7,Qe2,Ng6,h4,h5,e5,f6,Na3,Nxe5,Nxe5,fxe5,Qxe5,Qf6,Nc4,Qxe5+,Nxe5,Bd6,Nc4,Be7,Bg5,Ba6,O-O-O,Bxc4,dxc4,Bxg5+,hxg5,Ke7,g3,Raf8,f4,h4,Rdg1,d5,Kd2,hxg3,Rxh8,Rxh8,Rxg3,Rh2+,Kd3,dxc4+,Kc3,Rf2,Rg4,Kd6,g6,a6,a4,a5,b3,cxb3,cxb3,Kd5,Rg5+,Kd6,Rg4,Ke7,Kc4,Rc2+,Kd3,Rc1,Rg5,Kf6,Kd2,Rb1,Rxc5,Rxb3,Rxc6,Rb4,Ke3,Rxa4,Ra6,Kf5,Ra7,Kxg6,Kf3,Kf6,Kg4,g5,Kg3,gxf4+,Kf3,Kf5,Ra8,Ra3+,Kf2,Ke4,Re8,e5,Ra8,a4,Rb8,Ra2+,Kf1,Ke3,Ra8,e4,Rc8,f3,Rc3+,Kf4,Rc4,Kg3,Rc3,Ra1+,Rc1,Rxc1#,0-1
e4,c5,Nf3,d6,d4,cxd4,Nxd4,Nf6,Nc3,a6,h3,e6,g4,b5,Bg2,Bb7,O-O,Nfd7,a4,bxa4,Re1,Nc6,Rxa4,Nxd4,Qxd4,Ne5,Nd5,h5,g5,exd5,exd5,Be7,f4,O-O,fxe5,dxe5,Qd3,Bd6,Be3,Bc8,Rf1,Rb8,b3,a5,Rh4,g6,Rf6,Rb7,Be4,a4,bxa4,Qa5,Kg2,Rd7,Rxh5,gxh5,Rh6,Qe1,Bd2,Ba6,Bxe1,Bxd3,cxd3,Rb8,a5,Bc5,Rxh5,Bd4,Rh6,Rb1,Bg3,Rg1+,Kf3,Rf1+,Kg4,Rg1,Kf3,Rf1+,Kg4,Rg1,Rf6,Bc3,Kh4,Bd4,a6,Rd8,Bh2,Ra1,Kg4,Ra2,Bg3,Ra8,h4,R2xa6,Rc6,Rxc6,dxc6,Ra1,h5,Rg1,Bd5,Rc1,g6,Kf8,gxf7,Rxc6,Bxc6,e4,dxe4,Bg7,Bd6+,Kxf7,Kf5,Bh6,e5,Kg7,e6,Bc1,e7,Kh7,e8=Q,Bf4,Bxf4,Kg7,Qg6+,Kf8,Bd6#,1-0
e4,e5,Nf3,Nc6,Bc4,Nf6,Ng5,d5,exd5,Nd4,Nxf7,Kxf7,d6+,Be6,Bd3,Bxd6,O-O,Rf8,Qe1,Kg8,Nc3,c5,b3,Ng4,Bb2,Nxh2,Kxh2,e4+,g3,exd3,cxd3,Nc2,Qe2,Nxa1,Bxa1,Bd7,Nd1,Qh4+,Kg2,Bc6+,f3,Qxg3+,Kh1,Rxf3,Rxf3,Bxf3+,Qxf3,Qh2#,0-1
e4,c5,Nc3,e6,d4,cxd4,Qxd4,Nc6,Qe3,Nf6,Nf3,Bb4,Bd2,O-O,a3,Bxc3,Bxc3,d5,Bd3,e5,Nxe5,Nxe5,Bxe5,dxe4,Bxf6,Qxf6,Qxe4,g6,O-O-O,Qxf2,Rhf1,Qc5,Qf4,Be6,g4,b5,h4,Rab8,h5,b4,a4,b3,c3,Rbd8,h6,Rfe8,Qf6,Qe3+,Kb1,Qxh6,Rh1,Qg7,Qh4,Rd6,Bb5,Rxd1+,Rxd1,Rf8,Rd8,g5,Rxf8+,Kxf8,Qf2,Qg6+,Ka1,Bxg4,Qc5+,Kg8,Qxa7,Qe6,Qg1,h5,Bf1,Qe1#,0-1
e4,c5,Nf3,d6,d4,cxd4,Nxd4,Nf6,Nc3,a6,Be3,e5,Nb3,Be7,f3,Be6,Qd2,O-O,O-O-O,Nbd7,g4,b5,g5,b4,Nd5,Nxd5,exd5,Bf5,Bd3,Bxd3,cxd3,a5,Kb1,a4,Nc1,Qa5,a3,Qxd5,Qxb4,Qxf3,Qe4,Qxe4,dxe4,Rfc8,Ne2,Rab8,h4,Rc4,Ng3,Rb3,Rhe1,g6,Rc1,Rxc1+,Kxc1,f6,Nf1,fxg5,hxg5,Nc5,Nd2,Nd3+,Kd1,Rxb2,Re2,Ra2,Nc4,Rxe2,Kxe2,Nc5,Bxc5,dxc5,Kd3,Bxg5,Nxe5,Be7,Nc4,h5,Nb2,h4,Ke2,g5,Kf3,Kf7,Nxa4,c4,Nc3,Bxa3,Kg4,Be7,Nd5,Ke6,Ne3,c3,Kf3,Ke5,Ng4+,Kd4,e5,Kd3,Ne3,c2,Nxc2,Kxc2,Kg4,Kd3,e6,Ke4,Kh3,Kf5,Kg2,Kxe6,Kh3,Kf5,Kg2,Kg4,Kh2,Kf3,Kh3,g4+,Kh2,Bd6+,Kg1,g3,Kh1,g2+,Kg1,Bc5+,Kh2,g1=Q+,Kh3,Qg3#,0-1
d4,d5,Nf3,Nc6,Nc3,e6,e3,b6,a3,a6,b4,Bb7,h3,g6,Bb2,h6,e4,dxe4,Nxe4,h5,Ng3,Rc8,d5,Rh7,dxc6,Qxd1+,Rxd1,Bxc6,Bxa6,Rd8,Rxd8+,Kxd8,Ne5,Ba8,O-O,Bd6,Rd1,Ne7,c4,c5,bxc5,bxc5,Rxd6+,Ke8,Bb5+,Kf8,Rd8+,Kg7,Ng4+,f6,Nxf6,Rh6,Ng4+,Kh7,Rh8#,1-0
d4,d5,Nf3,Nc6,Nc3,e6,e3,h6,h3,a6,a3,g5,Bd3,b5,b4,Bb7,g4,Nf6,Bb2,h5,O-O,hxg4,hxg4,Nxg4,Nd2,f5,f3,Nxe3,Qe2,Nxf1,Qxf1,Bd6,Qg2,Rh2,Qf1,Qf6,Nd1,Qh6,Ne3,Rh1+,Kg2,Qh2#,0-1
e4,e5,Nf3,Nc6,Bb5,a6,Ba4,Nf6,O-O,b5,Bb3,Bc5,Re1,O-O,a4,Rb8,c3,d6,axb5,axb5,d4,Bb6,Qd3,h6,d5,Ne7,Be3,Ng6,Bxb6,Rxb6,Ra8,Qe7,Nbd2,Nh5,Qf1,Nhf4,Bd1,Qf6,Kh1,Bg4,Ng1,Rxa8,Bxg4,Qg5,Bd7,Ra2,g3,Nh5,Ndf3,Qe7,Bxb5,Rxb2,c4,Nf6,Kg2,Nd7,Qd3,Nc5,Qa3,Rb3,Qa8+,Kh7,h4,Nf8,Nh3,Nfd7,Qc8,Qf6,Nhg5+,hxg5,Nxg5+,Kg6,Qh8,Nf8,Qxf8,Nd3,Re2,Nf4+,gxf4,Qxf4,Bd7,Qxh4,Qxf7+,Kxg5,Qe7+,Kh5,Be8+,g6,Bxg6+,Kg4,Bf5+,Kh5,Qh7+,Kg5,Qe7+,Kh5,Bg6+,Kg4,f3+,Rxf3,Qxh4+,Kxh4,Kxf3,Rb3+,Re3,Kg5,Rxb3,Kxg6,Kg4,Kf6,Kh4,Ke7,Kg5,Kd7,Kf5,Ke7,Kg5,Kd7,Kf6,Kd8,Ke6,Kc8,c5,dxc5,Kxe5,Kd7,d6,c4,Rc3,cxd6+,Kd5,Ke7,Rxc4,Kd7,Ra4,Ke7,Ra7+,Kf6,Kxd6,Kg6,e5,Kg5,e6,Kf6,Rf7+,Kg6,Rf1,Kg7,e7,Kh8,e8=N,Kh7,Rg1,Kh6,Ke5,Kh5,Nf6+,Kh6,Ng8+,Kh7,Ne7,Kh6,Kf5,Kh7,Kf6,Kh6,Rh1#,1-0
d4,d5,c4,e6,Nc3,Nc6,Nf3,Nf6,Bg5,Bb4,c5,O-O,h3,Qd7,a3,Ba5,b4,Nxb4,axb4,Bxb4,Bd2,h6,e3,a6,Bd3,Qc6,Bb1,Bd7,g4,b5,Qc2,a5,h4,a4,g5,hxg5,hxg5,Ne4,Nxe4,dxe4,Bxb4,f5,gxf6,Rxf6,Ng5,Raf8,Nxe4,Rxf2,Nxf2,Rxf2,Qxf2,Qxh1+,Kd2,Bc6,Bc3,Qd5,e4,Qd7,Ba2,Bxe4,Rf1,Qe8,Bxe6+,Qxe6,Qf8+,Kh7,d5,Qg6,Rf4,Bf5,Rh4+,Qh6+,Rxh6+,gxh6,Qg7#,1-0
e4,c5,Nf3,d6,Bb5+,Bd7,Bxd7+,Qxd7,O-O,Nc6,c3,d5,exd5,Qxd5,d4,e6,Be3,Nf6,dxc5,Qh5,b4,a5,Qa4,Qg4,h3,Qe4,Nbd2,Qd5,Rad1,Be7,b5,Ne5,Nxe5,Qxe5,b6+,Kf8,Nc4,Qxc3,c6,bxc6,Qxc6,Rb8,Qc7,Re8,b7,g6,b8=Q,Rxb8,Qxb8+,Kg7,Qc7,Bb4,Bd4,Qc2,Bxf6+,Kxf6,Qe5+,Ke7,Qxh8,Qxc4,Qd8#,1-0
d4,Nf6,Nf3,d6,g3,Nbd7,Bg2,e5,dxe5,dxe5,O-O,Be7,a4,a5,Na3,c6,Nc4,Qc7,b3,O-O,Bb2,e4,Nfe5,Nc5,Qc1,Be6,f4,b5,axb5,cxb5,Ne3,Qb6,Kh1,Rfc8,Bd4,Qb7,Qb2,a4,b4,Na6,c3,Nc7,g4,Ncd5,Nf5,Bxf5,gxf5,Nb6,Rg1,Nc4,Qc1,a3,e3,a2,Bf1,Kf8,Rg2,Nd5,Rgxa2,Rxa2,Rxa2,Nd6,Qd2,Nxf5,Bg2,Nf6,Ra7,Qb8,Qa2,Rd8,Qxf7#,1-0
d4,Nf6,Bg5,d5,e3,c5,Bxf6,gxf6,Nf3,Nc6,c3,Qb6,Qb3,c4,Qc2,Bf5,Qxf5,Qxb2,Qxd5,Qxa1,Qb5,O-O-O,Bxc4,a6,Qb6,Rd6,O-O,Nxd4,Qc5+,Nc6,Nbd2,Qb2,Bxa6,bxa6,Nc4,Qb5,Nxd6+,exd6,Qa3,d5,Qc1,Bd6,Rd1,Ne5,Nd4,Qd7,c4,Nxc4,e4,Qa4,exd5,Kb7,Nf5,Ba3,Qb1+,Ka8,d6,Rb8,Qe4+,Ka7,Qd4+,Nb6,Qd2,Qe4,Ne7,Nc4,Qc3,Bb2,Qe1,Qxe1+,Rxe1,Nxd6,Nc6+,Ka8,Nxb8,Kxb8,Re7,Be5,g3,a5,Rd7,Kc8,Ra7,Bc3,Ra8+,Kd7,Rh8,Ke6,Rxh7,Ne4,Rh4,f5,f3,Nd2,Kg2,Bb4,Rd4,Nb1,Rd3,Na3,h4,f6,h5,Kf7,Rd5,f4,g4,Nb1,Rd3,Na3,Rd7+,Kg8,Kh3,Nc4,Rd4,Nd2,Rxf4,Nb1,Rxf6,Nc3,h6,Nxa2,g5,Nc3,g6,Nd5,Ra6,Nf4+,Kg4,Nxg6,Rxg6+,Kh7,Ra6,Bd2,f4,Bc3,Kg5,Bd2,Ra7+,Kh8,Kg6,Bxf4,h7,Bb8,Ra8,a4,Rxb8#,1-0
e4,c5,Nc3,e6,Nf3,a6,g3,b5,d4,cxd4,Nxd4,Bb7,Bg2,Nf6,O-O,b4,Na4,Bxe4,Bxe4,Nxe4,Re1,Nc5,c3,Nxa4,Qxa4,Be7,cxb4,O-O,Be3,d5,Rac1,g6,h4,Qd7,Qxd7,Nxd7,a3,Rfc8,f4,Nf6,Nc6,Bf8,Bd4,Ne4,Kg2,Bd6,Be5,Bf8,g4,f6,Bd4,Kf7,g5,f5,h5,Bd6,Be5,Bxe5,Nxe5+,Kg7,h6+,Kf8,Red1,Ke7,Kf3,Kd6,Ke3,Nxg5,Nc4+,Rxc4,Rxc4,Ne4,Rc2,e5,Rdc1,d4+,Kd3,Kd5,Rc5+,Nxc5+,Rxc5+,Kd6,Rxe5,Rc8,Kxd4,Rc2,Ra5,Rd2+,Kc3,Rf2,Rxa6+,Kd5,Ra7,Rxf4,Rxh7,Rh4,a4,f4,a5,Rh3+,Kd2,Rh2+,Ke1,Ke4,a6,Kf3,a7,Rh1+,Kd2,Kf2,a8=Q,f3,Rf7,Kg2,Qxf3+,Kh2,Rf4,Kg1,Rg4+,Kh2,Qg2#,1-0
d4,d5,Nf3,Nc6,Nc3,e6,h3,h6,a3,g5,b3,a6,g3,Bg7,Bg2,Nf6,Bb2,b6,O-O,g4,hxg4,Nxg4,e3,h5,a4,h4,Nxh4,Rxh4,gxh4,Qxh4,Qxg4,Qxg4,Ne2,Bd7,Rfe1,O-O-O,Nf4,Rg8,Rad1,Bh6,Rd2,Bxf4,f3,Bh2+,Kxh2,Qg3+,Kg1,Qxe1+,Kh2,Qxd2,Ba3,Qxg2#,0-1
e4,c6,d4,d5,Nc3,dxe4,Nxe4,Nf6,Nxf6+,exf6,Bc4,Bd6,Qe2+,Be7,Nf3,O-O,Be3,Re8,O-O-O,Nd7,d5,Qc7,dxc6,bxc6,Qd3,Rb8,Rhe1,Nf8,g3,Qb7,Bb3,Bg4,Bf4,Rbd8,Qe3,Rxd1+,Rxd1,c5,Bd5,Qc8,Qb3,Ne6,Re1,c4,Bxc4,Nc5,Qe3,Ne6,Bxe6,Bxe6,Nd4,Bc5,Qc3,Bxa2,Rxe8+,Qxe8,Be3,Bd6,Qc6,Qxc6,Nxc6,a6,b3,Ba3+,Kd2,Kf8,Nb8,a5,Nc6,a4,bxa4,Bd5,Nd4,Ke8,Nb3,Bb4+,Kd3,Bc6,a5,Bb5+,c4,Ba6,Bc5,Be1,Bb6,Kd7,Nc5+,Kc6,Nxa6,Kb7,Nc5+,Ka8,Ne4,g6,Nd6,f5,Nxf7,h6,Ne5,f4,gxf4,g5,fxg5,hxg5,h3,Bxa5,Bxa5,Kb7,Nf3,Kc8,Nxg5,Kd7,f4,Kc6,c5,Kxc5,f5,Kb5,Ke4,Kxa5,Ke5,Kb5,Ke6,Kc4,f6,Kd3,f7,Kc3,f8=Q,Kc2,h4,Kd2,h5,Ke2,h6,Kd2,h7,Ke2,h8=Q,Ke3,Qe5+,Kd3,Qff4,Kc2,Qee3,Kb1,Qf1+,Kc2,Qff2+,Kb1,Qee1#,1-0
d4,d5,Nf3,Nc6,Nc3,e6,a3,h6,e3,a6,h3,b5,g4,Nf6,Bg2,Bb7,b3,Be7,g5,hxg5,Nxg5,O-O,h4,g6,f4,b4,axb4,Nxb4,Bf3,Re8,h5,gxh5,Bxh5,Nxh5,Qxh5,Bf6,Qxf7#,1-0
e4,e5,Nf3,Nc6,Bc4,Bc5,c3,Nf6,d4,exd4,cxd4,Bb4+,Bd2,Nxe4,Bxb4,Nxb4,Bxf7+,Kxf7,Qb3+,Kf8,Qxb4+,Qe7,Qxe7+,Kxe7,O-O,Kd8,Re1,Nf6,Ng5,Rf8,Nc3,d6,d5,h6,Nf3,a5,Rad1,a4,Rd4,a3,b4,Bd7,Nh4,Ra6,f3,Rb6,Ng6,Rf7,g4,Ne8,Kg2,c5,dxc6,bxc6,Re3,Kc7,h4,h5,Kg3,hxg4,fxg4,Rf1,h5,Nf6,Re7,Rg1+,Kh4,Nxg4,Nf8,Ne5,b5,Nf3#,0-1
d4,Nf6,Bg5,e6,e3,b6,Qf3,d5,Nd2,Be7,O-O-O,Bb7,Bd3,Nbd7,Qh3,Ne4,Bxe7,Qxe7,Bxe4,dxe4,Ne2,O-O-O,Nc3,f5,g4,g6,gxf5,exf5,Rhg1,Kb8,Kb1,Nf6,Nc4,Ng4,Qg2,Qe6,b3,Ba6,Nb2,Qc6,Nca4,Be2,Rc1,Bf3,Qg3,Nf6,c4,Qd6,Qh4,Rhf8,c5,Qe6,cxb6,axb6,Nc4,Nd5,Ne5,Kb7,Qxh7,Rh8,Qxg6,Qxg6,Rxg6,Rxh2,Nc3,Nxc3+,Rxc3,Rxf2,Rg7,Rc8,Nc4,Kb8,a4,Re2,a5,bxa5,Nxa5,Re1+,Kb2,Be2,Ka3,Bd3,Kb4,Rxe3,Nc6+,Kb7,Ne7,Rb8,Nd5,Re1,Rgxc7+,Ka6+,Kc5,Rb5+,Kd6,Rb1,b4,R1xb4,Ra3+,Ra5,Nxb4+,Kb5,Rxa5+,Kxa5,Ke5,Bb5,Nc2,Ka4,Ne3,Bd3,Kf4,Bc2,Rf7,Bd3,Rxf5,Kb3,Re5,Kc3,Rxe4,Bxe4,Kxe4,Kb4,Ke5,Kb5,d5,Kb6,Ke6,Kb5,Ke7,Kb4,d6,Kc3,d7,Kb3,Nd5,Kc4,Nf6,Kc3,d8=Q,Kc2,Qd7,Kb2,Qe6,Kb1,Nd5,Ka1,Nb6,Kb1,Qc4,Kb2,Qb5+,Ka2,Nc4,Ka1,Qb2#,1-0
c4,e5,Nc3,Bb4,g3,Bxc3,bxc3,d6,Bg2,Nc6,Nf3,f5,O-O,Nf6,Rb1,O-O,d3,Qe8,c5,dxc5,Ba3,b6,d4,e4,Ne1,Na5,dxc5,Nc4,Bc1,bxc5,Bf4,Qf7,Nc2,Nd5,Bd2,Be6,Qc1,Rad8,Na3,Ne5,Bf4,Ng6,Nb5,Ndxf4,gxf4,Nh4,Kh1,Bc4,Qe3,a6,Na3,Bxa2,Ra1,Bd5,Qxc5,c6,Qe3,Rb8,Nc2,Rb2,Nd4,c5,Qc1,Rfb8,Nc2,e3,Nxe3,Nxg2,Nxg2,Qg6,Rg1,Rxe2,Qd1,Bf3,Qd3,Qc6,Raf1,h6,Qxf5,Rbb2,Qh3,Rxf2,Rxf2,Rxf2,Qg3,a5,h3,a4,Qxf2,a3,Qa2+,Bd5,Qxa3,Bf3,Qc1,Qe6,Qf1,Qxh3#,0-1
Nf3,c5,g3,Nc6,d4,d5,Bg2,cxd4,Nxd4,e6,O-O,Nf6,c4,Be7,Nc3,O-O,cxd5,exd5,Bg5,Be6,Nxe6,fxe6,Bh3,Qd7,e4,d4,Bxf6,Bxf6,Qb3,Rfe8,Rad1,Rad8,Nd5,Be7,Nf4,Kh8,Bxe6,Qd6,Bd5,Bf6,Qf3,Be5,Ne6,Rxe6,Bxe6,Qxe6,Qh5,d3,f4,Bd4+,Kg2,Qxe4+,Qf3,Qe2+,Kh3,Qe6+,Kg2,Nb4,a3,Nc2,Kh1,Ne3,Rfe1,Bb6,Qxb7,h6,Rd2,Rd5,h4,Qe4+,Kh2,Ng4+,Kh3,Qxe1,Qxd5,Qxd2,Qa8+,Kh7,Qe4+,Kg8,Qe6+,Kf8,Qc8+,Ke7,Qb7+,Kd6,Qb8+,Kd7,Qb7+,Kd6,Qb8+,Kd5,Qg8+,Ke4,Qe8+,Kf3,Qc6+,Kf2,Kxg4,Qe2+,Kh3,Qf1+,Kg4,d2,Qf3+,Ke1,Qc3,Qe2+,Kh3,Kf2,Qxg7,d1=Q,Qxh6,Qdf1+,Kh2,Qg2#,0-1
e4,c5,Nf3,d6,d4,cxd4,Nxd4,Nf6,Nc3,a6,Be3,e5,Nb3,Be7,f3,Be6,Qd2,Nbd7,g4,Rc8,g5,Nh5,O-O-O,b5,Kb1,Nb6,Na5,Qc7,Qf2,Nd7,Nb3,O-O,h4,Nf4,Bxf4,exf4,Nd4,Ne5,Nf5,Rfd8,Nd5,Bxd5,exd5,Bf8,h5,Re8,Bd3,Nc4,g6,fxg6,hxg6,h6,Bxc4,Qxc4,Rd3,Re5,b3,Qc5,Qxc5,Rxc5,Nd4,Rcxd5,Rhd1,Rg5,Ne6,Rxd3,Rxd3,Rxg6,Nxf4,Rg1+,Kb2,g5,Ne6,Be7,a4,b4,a5,Bf6+,c3,Bxc3+,Kc2,Rg2+,Kd1,Rf2,Nc7,h5,Nxa6,h4,f4,g4,Nc7,h3,a6,h2,a7,h1=R#,0-1
e4,c5,Nf3,d6,Bb5+,Nd7,Ba4,Ngf6,O-O,a6,c4,Nxe4,Re1,Nef6,d4,cxd4,Nxd4,Qc7,Nc3,e5,Bg5,h6,Bxf6,gxf6,Nd5,Qd8,Qf3,Bg7,Nf5,Kf8,Nxd6,Nc5,Nxc8,Rxc8,Bc2,Ne6,Bf5,Nd4,Qd3,Rc5,b3,b5,Rac1,h5,Qe4,Bh6,Rc3,Rg8,Qh4,Nxf5,Qxh5,Qd7,Rf3,Rg5,Qh3,Rc6,Rxf5,Qxf5,Qxh6+,Ke8,Qh8+,Kd7,Qf8,Qg6,Qe7+,Kc8,g3,Qg8,Qa3,Qd8,Ne7+,Kb7,Nxc6,Kxc6,cxb5+,axb5,Qa6+,Kc5,Rc1+,Kb4,a3+,Kxb3,Qxb5+,Ka2,Qc4+,Kxa3,Rc3+,Kb2,Qb3+,Ka1,Rc1#,1-0
e4,d6,d4,g6,Nc3,Bg7,Be3,Nf6,Qd2,Ng4,Bf4,h6,h3,Nf6,O-O-O,g5,Bh2,c6,Qe1,O-O,e5,Nd5,Ne4,dxe5,Bxe5,f6,Bxb8,Rxb8,h4,f5,Ng3,g4,Nh5,Bh8,Ne2,e5,dxe5,Bxe5,Nef4,Qe8,Bc4,Kh7,g3,Nxf4,Nxf4,Bxf4+,gxf4,b5,Qxe8,Rxe8,Bb3,c5,Bf7,Re4,Rd8,Rxf4,Re1,Kg7,Bh5,Rxf2,Re7+,Kf6,Rde8,Rb7,Re1,g3,Rxc8,g2,Rg8,Rf1,Kd2,Rd7+,Kc3,Rxe1,Rxg2,Re3#,0-1
e4,e5,Nf3,Nc6,Bb5,Nf6,O-O,Nxe4,d4,Nd6,Bxc6,dxc6,dxe5,Nf5,Qxd8+,Kxd8,Rd1+,Ke8,b3,Be6,Bb2,Be7,Nc3,h5,Ne4,a5,Nfg5,Bxg5,Nxg5,a4,Nxe6,fxe6,b4,b5,g3,Rd8,Rxd8+,Kxd8,Rd1+,Kc8,Kg2,Kb7,h3,c5,bxc5,Kc6,a3,Ne7,Rd4,Rb8,Kf3,Nd5,Rh4,g6,Bc1,Rf8+,Ke2,Nc3+,Kd3,Nd1,f3,Kxc5,Bg5,Rf7,Ke2,Nc3+,Kf2,Rd7,g4,b4,Bc1,Rd4,f4,b3,gxh5,gxh5,cxb3,axb3,a4,Rxa4,Kf3,Nb5,Ke2,Rc4,Bb2,Rc2+,Kd3,Rxb2,f5,Rc2,Rf4,Rc1,Rf2,exf5,Ke3,Kd5,e6,Kxe6,Rb2,Rc3+,Kf4,Kf6,Rd2,b2,Rd1,Nd4,Rxd4,b1=Q,Rd3,Rxd3,h4,Qf1#,0-1
d3,b6,Nf3,Bb7,g3,e6,Bg2,d5,O-O,Nc6,Nbd2,Nge7,c3,Qd7,b4,Ng6,Bb2,a5,a3,f6,e4,dxe4,Nxe4,Be7,Re1,Rd8,Re3,Nge5,Nxe5,Nxe5,Nxf6+,Bxf6,Bxb7,Nxd3,Qf3,O-O,Bc6,Qd6,Bb5,Nxb2,Re2,Nd3,Qe4,Bxc3,Rf1,axb4,axb4,Bxb4,Rd1,Nxf2,Rxd6,Nxe4,Rxd8,Bc5+,Kg2,Rxd8,Rxe4,Kf7,Bc4,Rd6,Rf4+,Ke7,Rg4,g6,h4,c6,h5,gxh5,Rg7+,Kf6,Rxh7,b5,Rh6+,Ke5,Be2,Rd2,Rxh5+,Kd6,Kf3,b4,Bc4,Rc2,Bb3,Rc3+,Ke4,Re3+,Kf4,Rxb3,Kg5,Rd3,Kf6,Rf3+,Kg7,b3,Kh7,b2,Rh6,b1=Q+,Kg7,Rxg3+,Rg6,Qxg6+,Kh8,Qg7#,0-1
e4,c5,Nf3,d6,d4,cxd4,Nxd4,Nf6,Nc3,a6,Bg5,Nbd7,Qd3,b5,O-O-O,Bb7,f3,b4,Na4,Qa5,Bxf6,gxf6,b3,e6,f4,h5,Kb1,Rc8,Nb2,Nc5,Qh3,Nxe4,a4,bxa3,Nc4,Rxc4,Bxc4,d5,Nxe6,Qc3,Nc7+,Kd8,Qxc3,Nxc3+,Ka1,Kxc7,Rd3,Bb4,Re1,dxc4,Rd4,Bd5,bxc4,Be6,f5,Bxf5,c5,a5,Re7+,Kc6,Rxf7,Kxc5,Rf4,Be6,R7xf6,Bd5,R6f5,Re8,Rf1,Re2,Rc1,Rxg2,h4,a4,Rxh5,a2,Kb2,a3+,Ka1,Ne2,Re1,Bc3#,0-1
e4,c5,Nf3,Nf6,e5,Nd5,Nc3,Nxc3,dxc3,Nc6,Bc4,e6,Bf4,h6,Qe2,Qc7,Rd1,a6,a4,Na5,Bd3,b6,Nd2,c4,Bxc4,Bb7,Bd3,g5,Bg3,Bxg2,Rg1,Bd5,b4,Nc6,c4,Nd4,Qe3,Nxc2+,Bxc2,Bxb4,cxd5,Qxc2,Ke2,O-O,h4,Rfc8,Bf4,exd5,hxg5,Rc3,gxh6+,Kf8,Qd4,Rc4,Qxd5,Rxf4,Qxa8+,Ke7,Rg8,Ke6,Re8+,Be7,Qg2,Qf5,h7,Qxh7,Qg5,Re4+,Kf3,Rf4+,Kxf4,f6,exf6,Qh2+,Ke4,Qh7+,Kd4,Qd3+,Kxd3,d5,Rxe7+,Kd6,Qf4+,Kc6,Rc1#,1-0
d4,Nf6,c4,e6,Nc3,Bb4,Nf3,O-O,Bd2,b6,Rc1,Bb7,e3,Bxc3,Bxc3,Ne4,Bd3,f5,O-O,a5,Be1,Qf6,Nd2,d6,f3,Nxd2,Qxd2,Nd7,Bc2,e5,Rd1,Qe7,dxe5,Nxe5,b3,Rae8,h3,Nd7,Bf2,Qg5,Kh1,Ne5,Qe2,Qh6,Bg3,Ng4,c5,Nxe3,cxd6,Nxd1,Qc4+,Kh8,d7,Rd8,Bxd1,f4,Qxc7,fxg3,Qxb7,Qd6,Bc2,Rxd7,Qe4,g6,Re1,Qf4,Qe6,Rd6,Qe7,Rd2,Re2,Rxe2,Qxe2,Rd8,Qe1,Rc8,Bd1,Rc1,Qe8+,Kg7,Qd7+,Kh6,Qd3,Rc8,Qf1,Qd2,b4,Rc1,Be2,Rxf1+,Bxf1,Qe1,Kg1,Qf2+,Kh1,Qxf1#,0-1
e4,g6,d4,Bg7,Nc3,b6,Be3,Bb7,h4,h5,Nf3,Nf6,e5,Ng4,Bf4,d6,e6,fxe6,Ng5,Kd7,Bc4,d5,Be2,Nc6,Bxg4,hxg4,Qxg4,Nxd4,O-O-O,Qg8,Rhe1,Rf8,Rxd4,Bxd4,Nxe6,Bxc3,Nxf8+,Kc6,Qd7+,Kc5,Qxc7+,Bc6,Nd7+,Kb5,a4+,Ka6,Nc5+,Ka5,Qxa7+,Kb4,Qxb6+,Kc4,b3+,Kd4,Be5#,1-0
e4,c5,Nc3,a6,g3,b5,Bg2,Bb7,Nge2,g6,d4,cxd4,Nxd4,Bg7,O-O,Qc7,Re1,d6,Nd5,Qd8,a4,e6,Nc3,b4,Nd5,exd5,exd5+,Ne7,Bg5,Be5,f4,f6,fxe5,fxg5,exd6,Qxd6,Qe2,Rf8,Rad1,Rf7,Kh1,Nd7,Nc6,Nf6,Qc4,Kf8,Re6,Qc7,Qxb4,Bxc6,Rxc6,Qb8,Rb6,Qe5,d6,Ned5,Rb8+,Kg7,Qb3,Ng4,Rxa8,Nf2+,Kg1,Nxd1,Bxd5,Qe1+,Kg2,Qf1#,0-1
e4,e6,d4,d5,Nd2,c5,Ngf3,Nf6,e5,Nfd7,c3,Be7,Bd3,Nc6,O-O,a5,a4,cxd4,cxd4,Nb4,Bb1,b6,Re1,Ba6,Nf1,Rc8,Ra3,Nc6,Rb3,Bc4,Rbe3,Nf8,Ng3,Ng6,Rc3,O-O,h4,Bxh4,Nh5,Re8,Nxh4,Qxh4,Nxg7,Kxg7,Rh3,Qxd4,Qh5,Rh8,Bh6+,Kg8,Rg3,Rf8,Bxg6,Qxf2+,Kxf2,hxg6,Qg5,Nxe5,Rxe5,Re8,Rh3,d4,Qf6,Rh7,Bf4,Rg7,Rxe6,fxe6,Rh8+,Kxh8,Be5,Ree7,Qxe7,d3,Qxg7#,1-0
e4,d5,exd5,Qxd5,Nf3,Qd8,d4,c6,Bc4,h6,Nc3,Bf5,g4,Bh7,h4,e6,g5,Nd7,h5,hxg5,Nxg5,Bf5,Qf3,Nh6,Bb3,Be7,Rg1,Qa5,Bd2,O-O-O,Nd5,Qxd2+,Kxd2,cxd5,Rae1,Nf6,c3,Kb8,Bc2,Bxc2,Kxc2,Rc8,Kb1,Ka8,a4,a6,Qd3,Bd6,Qe2,Rc7,Nf3,Ne4,Rxg7,Rxc3,bxc3,Nxc3+,Kc2,Nxe2,Rxe2,Rc8+,Kd3,Nf5,Rxf7,Rh8,Rxe6,Nh6,Rff6,Bf8,Re8+,Ka7,Rexf8,Rh7,Ng5,Rc7,Rxh6,Rc4,Rhh8,Rxa4,h6,Ra3+,Ke2,Ra2+,Kf3,Ra3+,Kg2,Rd3,Ra8+,Kb6,h7,Rxd4,Rhg8,Rg4+,Kf3,Rh4,h8=Q,Rxh8,Rxh8,Kc5,Ke2,b5,Rac8+,Kb4,Rhd8,a5,Rxd5,a4,Rd4+,Ka5,f4,a3,f5,a2,Ra8+,Kb6,Rxa2,Kc5,Rdd2,b4,Rdb2,Kc4,Ra1,b3,Rab1,Kc3,f6,Kc4,f7,Kd4,f8=Q,Ke5,Rd2,b2,Nf3+,Ke6,Rd6#,1-0
d4,Nf6,c4,c5,d5,b5,cxb5,a6,bxa6,Bxa6,Nc3,g6,e4,Bxf1,Kxf1,d6,Nf3,Bg7,g3,O-O,Kg2,Na6,Qe2,Nc7,a4,Ra7,Ra3,Qa8,Nd2,e6,dxe6,fxe6,f3,d5,exd5,exd5,Nb5,Re8,Qd3,Nxb5,axb5,c4,Qd4,Rxa3,bxa3,Re2+,Kf1,Ne4,Qb6,Rxd2,Bxd2,Nxd2+,Ke2,Nb3,Qe6+,Kh8,Qd7,h5,b6,Qxa3,Rd1,Nd4+,Rxd4,Bxd4,b7,Qe3+,Kd1,Qxf3+,Kc1,Qc3+,Kd1,Qd3+,Ke1,Qb1+,Ke2,Qb2+,Ke1,Be5,Qxd5,Kh7,Qf7+,Kh6,Qf8+,Kh7,Qf7+,Bg7,Qc7,Qc1+,Ke2,Qc2+,Kf3,Qd3+,Kg2,Qe4+,Kg1,Kh6,b8=Q,Bd4+,Kf1,Qf3+,Ke1,Bc3#,0-1
e4,c5,Nf3,d6,d4,cxd4,Nxd4,Nf6,Nc3,a6,Bg5,e6,Qf3,Be7,O-O-O,Qc7,g4,Nbd7,Rg1,b5,Bd2,Bb7,g5,Ne5,Qg3,Nxe4,Nxe4,Bxe4,f3,Bg6,f4,Rc8,Bc3,b4,fxe5,bxc3,Qxc3,dxe5,Nb3,Qxc3,bxc3,Rxc3,Rd2,h6,h4,hxg5,hxg5,Rh4,Bxa6,Rh5,Kb2,Rc7,Bb5+,Kf8,a4,Rxg5,Rh1,Rh5,Rxh5,Bxh5,a5,e4,a6,e3,Rh2,g6,Na5,f5,Nb7,f4,a7,Rc8,Na5,Ra8,Nc6,f3,Kc1,Bd6,Rh3,Bc5,Bd3,Ba3+,Kd1,f2+,Be2,f1=Q#,0-1
e4,e5,Nf3,Nc6,Bb5,Nf6,O-O,Nxe4,d4,Nd6,Bxc6,dxc6,dxe5,Nf5,Qxd8+,Kxd8,Rd1+,Ke8,Nc3,Be7,b3,Be6,Bb2,h5,Kf1,a5,a4,Rd8,Ke2,b6,Rxd8+,Bxd8,Rd1,h4,h3,c5,Nd5,Ne7,Nf4,Bf5,Rd2,Ng6,Ke3,Nxf4,Kxf4,Bd7,Ng5,Rh5,Ne4,c4,bxc4,Bxa4,Ke3,Bc6,f4,Be7,Bd4,a4,Nc3,Bb4,Rf2,Bxc3,Bxc3,a3,Kd2,Rh6,f5,Rh5,Kc1,Rg5,Kb1,Rxg2,Rxg2,Bxg2,Be1,Bxh3,Bxh4,Bxf5,Ka2,Be6,Kxa3,Bxc4,Kb4,Ba6,c4,c5+,Kc3,Kd7,Kd3,Ke6,Bd8,b5,cxb5,Bxb5+,Ke4,Bc6+,Kd3,Kd5,Ba5,g5,Bc7,c4+,Ke3,Bd7,e6,Bxe6,Bd8,g4,Be7,Ke5,Bh4,c3,Bg3+,Kd5,Be1,c2,Kd2,c1=Q+,Kxc1,Ke4,Kd2,Kf3,Kd3,f5,Bb4,Bc8,Kd2,g3,Ke1,Ba6,Kd2,f4,Ke1,Kg2,Bc5,f3,Kd2,f2,Kc2,f1=Q,Bb4,Qc4+,Bc3,Kf3,Kd2,Qb3,Bf6,Bd3,Ba1,Qc2+,Ke1,Qc1#,0-1
e4,Nf6,Nc3,d5,exd5,Nxd5,Nxd5,Qxd5,d4,c5,dxc5,Qxc5,Nf3,Nc6,Bd3,Bg4,h3,Bh5,O-O,e6,Be3,Qa5,c3,Rd8,Qe2,Be7,Rad1,O-O,b4,Qc7,Bd2,Bxf3,gxf3,Bf6,Bc2,Ne5,Bb3,Qc6,Kg2,Ng6,Be3,a6,Rfe1,Nh4+,Kg3,Nf5+,Kg2,Qxc3,Bc5,Rxd1,Rxd1,Rc8,Bxe6,Nh4+,Kg3,Re8,Bxf7+,Kxf7,Rd7+,Be7,Rxe7+,Rxe7,Qxe7+,Kg6,Qxh4,Qd2,Qg4+,Kf7,Qf5+,Ke8,Qe6+,Kd8,Qd6+,Qxd6+,Bxd6,Kd7,Be5,g6,Kf4,Ke6,Bc3,Kd5,Kg5,Kc4,Be1,Kd3,Kh6,Ke2,Kxh7,Kxe1,Kxg6,Kxf2,h4,Kxf3,h5,Ke4,h6,Kd4,h7,Kc4,a3,Kb3,h8=Q,Kxa3,Qc3+,Ka4,Kf5,b6,Ke5,a5,bxa5,bxa5,Qc6+,Kb4,Kd5,a4,Qb6+,Kc3,Qc5+,Kb3,Qb5+,Kc3,Qxa4,Kd3,Qc4+,Ke3,Ke5,Kf3,Qd4,Kg3,Kf5,Kh3,Qe4,Kg3,Qe3+,Kg2,Ke4,Kh2,Kf4,Kg2,Qf3+,Kg1,Qe2,Kh1,Kg3,Kg1,Qf2+,Kh1,Qh2#,1-0
e4,c5,Nf3,e6,d4,cxd4,Nxd4,Nc6,Nb5,d6,Bf4,e5,Be3,Nf6,N1c3,a6,Na3,Rb8,Bg5,Be7,Bxf6,Bxf6,Nd5,Bg5,c3,Ne7,Bd3,Nxd5,exd5,O-O,O-O,f5,f3,Rf6,b4,Be3+,Kh1,b5,c4,Rh6,g3,f4,gxf4,Rxh2+,Kxh2,Qh4+,Kg2,Qh3#,0-1
b3,Nf6,Bb2,e6,e3,Be7,g4,O-O,g5,Ne8,h4,d6,f4,Nc6,Qg4,f5,Qg2,Bd7,h5,Nb4,d3,Bc6,Qh2,Bxh1,Qxh1,Nxc2+,Kd2,Nxa1,Bxa1,c6,h6,g6,Bg2,e5,Nf3,Qa5+,Nc3,Nc7,Qb1,Nd5,fxe5,dxe5,Nxe5,Bxg5,a3,Bxe3+,Kc2,Bxh6,b4,Qc7,Nxd5,cxd5+,Kb3,Rfd8,Nf3,Bg7,Nd4,Rac8,Qh1,Bxd4,Bxd5+,Kf8,Bxd4,Qc2#,0-1
e4,c5,Nf3,d6,d4,cxd4,Nxd4,Nf6,Nc3,g6,Be3,Bg7,f3,O-O,Qd2,Nc6,O-O-O,d5,Kb1,Nxd4,e5,Nf5,exf6,exf6,Bc5,d4,Bxf8,Qxf8,Ne4,Ne3,Rc1,f5,Nf2,Be6,g3,Rc8,f4,Bd5,Rg1,Qc5,Nd3,Qb6,Qb4,Qc7,Be2,a5,Qd2,Qb6,Ne5,a4,g4,fxg4,Bxg4,Rc7,Bf3,Bxf3,Nxf3,a3,b3,Qf6,Ne5,Qxf4,Nd3,Qd6,Qb4,Qc6,Qxa3,Nd5,Rge1,Bf6,Qa8+,Kg7,Qe8,Nc3+,Kb2,Qa6,a3,Rc6,Rf1,Qa5,Nb4,d3,Rxf6,Rxf6,Nxd3,Nd5,Qa4,Qc3+,Kb1,Rf1,Rxf1,Ne3,Rc1,Kh6,Qh4+,Kg7,Qg3,Qxc2+,Rxc2,Nf5,Qe5+,Kg8,Rc8#,1-0
e4,c5,Nf3,d6,d4,cxd4,Nxd4,Nf6,Nc3,a6,h3,e6,g4,Be7,g5,Nfd7,Be3,O-O,h4,Nc6,f4,Nxd4,Qxd4,b5,O-O-O,Bb7,Rg1,Nc5,f5,f6,g6,Rc8,gxh7+,Kxh7,Qd2,Qe8,Qg2,Rg8,fxe6,Nxe6,Qf3,Nf8,Nd5,Kh8,Bh3,Nh7,Bf5,Bxd5,exd5,g6,Bxc8,Qxc8,Qe4,Qe8,Bd4,Qf7,Rde1,Bd8,Kb1,b4,Re2,Nf8,Qf4,Nh7,Qxd6,a5,Rge1,a4,Qc6,Kg7,d6,b3,Re7,Bxe7,Rxe7,bxa2+,Ka1,Rf8,Rxf7+,Kxf7,d7,g5,hxg5,fxg5,Qd5+,Ke7,Bc5+,Kd8,Qd6,Rf1+,Kxa2,Ra1+,Kxa1,a3,Bb6#,1-0
d4,d5,c4,e6,e3,Nf6,Nf3,b6,Ne5,Bb7,Qa4+,c6,Be2,Bd6,cxd5,exd5,O-O,O-O,f4,a6,Bd2,c5,Nc3,b5,Qc2,cxd4,exd4,Nc6,Be3,Rc8,Qd3,Na5,Bf2,Nc4,b3,Nb2,Qe3,b4,Nd1,Nxd1,Bxd1,Rc3,Qe2,Qc8,Be1,Rc7,Qe3,a5,a3,Ba6,Rf3,Re8,Rh3,Qb7,axb4,Qb5,Kh1,axb4,Bd2,Bc8,Be2,Qb7,Rh4,Bf5,Be1,Ra8,Rxa8+,Qxa8,Bd3,Be4,Bxe4,Nxe4,Rh5,g6,Rh3,Qa1,Rf3,Rc3,Qe2,Rc2,Qe3,Qd1,Rf1,Re2,Qg1,Qxb3,f5,Qe3,Qxe3,Rxe3,fxg6,fxg6,Bh4,b3,Ng4,Rc3,g3,b2,Kg2,Rc1,Nh6+,Kg7,Rf7+,Kxh6,Rb7,b1=Q,Rxb1,Rxb1,g4,Rb2+,Kf3,Rxh2,Be1,Kg7,Ke3,Rh1,Ke2,Rg1,g5,Rxg5,Kf3,Bg3,Ba5,Rf5+,Ke3,h5,Kd3,h4,Bb4,h3,Be7,h2,Bb4,h1=Q,Kc2,Rf2+,Bd2,Rxd2+,Kb3,Qb1+,Ka3,Ra2#,0-1
d4,Nf6,c4,g6,Nc3,Bg7,e4,d6,h3,O-O,Be3,e5,d5,c6,Nf3,Na6,g4,Nc5,Nd2,cxd5,cxd5,a6,a4,Qe8,Be2,b5,axb5,Bd7,bxa6,Qb8,g5,Nh5,Nc4,Nf4,Bxc5,dxc5,Bg4,Bb5,Nxb5,Qxb5,Qa4,Qb8,h4,Nd3+,Kf1,Nxb2,Nxb2,Qxb2,Kg2,f6,Qa2,Qd4,Be6+,Kh8,Qe2,f5,h5,gxh5,Rxh5,h6,Rxh6+,Bxh6,Qh5,Qxe4+,f3,Qe2+,Kh1,Rf6,gxf6,Qe3,Rg1,e4,f7,Qxf3+,Qxf3,exf3,Rg8+,Kh7,Rxa8,f2,Kg2,c4,Kf1,c3,Rg8,c2,Bxf5#,1-0
d4,g6,e4,Bg7,c3,a6,Nf3,b5,a4,Bb7,Nbd2,c6,Bd3,d6,O-O,Nd7,h3,Qc7,b4,Ngf6,Re1,O-O,Nf1,e5,dxe5,dxe5,Qe2,Nb6,a5,Nbd7,c4,c5,cxb5,axb5,Bxb5,cxb4,a6,Bxe4,Ng3,Bxf3,Qxf3,Rfb8,Bf1,b3,Bb2,Ra7,Rec1,Qb6,Rc6,e4,Qc3,Qd8,Qd4,Nh5,Qxa7,Bxb2,Rd1,Ra8,Rxd7,Qe8,Qxa8,Qxa8,Rdc7,Kg7,Nxh5+,gxh5,Bc4,Be5,Rxf7+,Kh8,Rb7,b2,Rh6,Qxb7,Ba2,b1=Q+,Bxb1,Qxb1#,0-1
e4,c5,Nf3,d6,d4,cxd4,Nxd4,Nf6,Nc3,a6,Be3,e5,Nb3,Be6,f3,h5,Qd2,Nbd7,O-O-O,Rc8,Kb1,Qc7,Nd5,Bxd5,exd5,Nb6,c4,Be7,Bd3,O-O,Rc1,Na4,Bf5,Rcd8,Qb4,Nc5,Nxc5,dxc5,Qc3,Ne8,Rhd1,Nd6,Bc2,Bf6,Qd3,g6,g4,Qb6,gxh5,e4,Qa3,Nxc4,Bxc5,Nxa3+,Bxa3,e3,hxg6,fxg6,Bxg6,Bg7,Rg1,Rxd5,Bc2,Rb5,Bb3+,Rxb3,axb3,Qxb3,Rg4,Qd3+,Ka2,Qd5+,Ka1,e2,Rgg1,Qb3,Rc3,e1=Q+,Rc1,Qxa3+,Kb1,Qxb2#,0-1
e4,e6,d4,d5,Nd2,Nf6,e5,Nfd7,c3,c5,Bd3,Nc6,Ne2,cxd4,cxd4,f6,exf6,Nxf6,Nf3,Bd6,O-O,Qc7,h3,O-O,Be3,Bd7,Re1,Be8,Ng5,Bf7,Nc3,Qe7,Qc2,h6,Nxf7,Qxf7,Bg6,Qd7,Qe2,Ne7,Bc2,Nf5,g4,Nh4,f4,Ne4,Nxe4,dxe4,Bxe4,Bxf4,Bf2,Bg5,Rad1,Kh8,Bg3,Rac8,Rf1,b6,Be5,Rcd8,Kh2,Be7,Kg3,Rxf1,Rxf1,Kg8,Qc2,Bg5,Bh7+,Kh8,Bd3,Kg8,Qe2,Rc8,Bb5,Qe7,Qe4,g6,Ba6,Rf8,Rxf8+,Qxf8,Qc6,Kh7,Qb7+,Qe7,Qxe7+,Bxe7,Bc4,g5,Bxe6,Kg6,Kf2,Bf6,Bd5,a6,Be4+,Kf7,Bxf6,Kxf6,Ke3,Ke6,Kd3,Kd6,Kc4,Ke6,a4,Kf6,Kd5,a5,Kc6,Ng6,Bxg6,Kxg6,d5,Kf7,d6,Kf6,d7,Ke5,d8=Q,Ke4,Kxb6,Ke5,Kxa5,Ke4,b4,Kf3,Qd3+,Kf4,b5,h5,b6,hxg4,b7,gxh3,b8=Q+,Kg4,Qb4+,Kh5,Qh7#,1-0
d4,d5,Nf3,Nf6,c4,c6,Nc3,e6,Bg5,dxc4,e4,b5,e5,h6,Bh4,g5,Bg3,Nd5,Nd2,Nd7,a4,Bb7,Be2,Be7,O-O,a6,Bh5,Nxc3,bxc3,c5,f4,O-O,f5,exf5,Rxf5,cxd4,cxd4,Qb6,Bf2,Qc7,Qg4,Nb6,h4,Bc8,hxg5,Bxf5,Qxf5,hxg5,Ne4,Qd7,Qf3,Qe6,Bg4,Qg6,Bf5,Qg7,g4,Nxa4,Kg2,f6,Be6+,Rf7,Nxf6+,Bxf6,exf6,Qh7,Qxa8#,1-0
d4,Nf6,c4,e6,Nf3,d5,Nc3,c6,Bg5,dxc4,e4,b5,e5,h6,Bh4,g5,Nxg5,hxg5,Bxg5,Nbd7,exf6,Bb7,g3,c5,d5,Qb6,Bg2,O-O-O,O-O,b4,Re1,bxc3,bxc3,exd5,Bxd5,Qd6,Bxb7+,Kxb7,Qg4,Qc6,Qxc4,Bd6,Re3,Rdg8,f4,Re8,Rae1,Rxe3,Rxe3,Rf8,Qe4,c4,Re2,Nb6,h4,Rc8,Kh2,Qxe4,Rxe4,Kc6,h5,Kc5,Re2,Nd5,Rc2,Bc7,g4,Nxf4,Kg3,Nd3+,Kh3,Kd5,h6,Be5,a3,Rg8,Kh4,Rb8,Be3,Rb1,Bg1,Rxg1,g5,Ke4,Re2+,Kf3,Re3+,Kxe3,h7,Kf3,g6,Bxf6+,Kh3,Rh1#,0-1
e4,e5,Nf3,Nf6,Nxe5,d6,Nf3,Nxe4,d4,d5,Bd3,Bd6,O-O,O-O,c4,c6,Nc3,Nxc3,bxc3,dxc4,Bxc4,Nd7,Re1,Qa5,Bd2,Qh5,Qc1,Qf5,Bb3,h6,c4,b6,Bc2,Qf6,Bc3,Bb7,c5,Bb8,Qb2,Qd8,d5,Nf6,d6,Nh5,Re5,Nf4,Re4,Ne6,Bxg7,Nxg7,Rg4,f6,Qb3+,Rf7,Bh7+,Kf8,Nh4,Bxd6,cxd6,Qd7,Re1,Qxg4,Ng6+,Qxg6,Bxg6,Rd7,Qh3,Re8,Bxe8,c5,Qxh6,Bd5,Bg6,Kg8,Re7,Rxe7,dxe7,Bb3,Qh7#,1-0
e4,c6,Nc3,d5,Nf3,Bg4,h3,Bxf3,Qxf3,e6,g3,Nd7,Bg2,Ngf6,d3,Be7,O-O,O-O,g4,h6,Qg3,Qb8,f4,dxe4,Nxe4,Nxe4,dxe4,Nf6,h4,Nh7,g5,hxg5,hxg5,Bxg5,e5,Bh6,Be4,Qd8,Be3,f5,Bd3,Qe7,Bc4,Rfe8,Rad1,b5,Bb3,Rad8,Qf2,a5,a4,g5,fxg5,Bxg5,Rxd8,Qxd8,Bc5,Kh8,Kh1,Bh4,Qh2,Qg5,Rg1,Qh5,Bf2,Qf3+,Qg2,Qxg2+,Rxg2,Bxf2,Rxf2,Ng5,Rd2,Ne4,Rd7,f4,Rc7,bxa4,Bxa4,Rg8,Bxc6,Ng3+,Kh2,Ne2,Bg2,Rg5,Be4,Rxe5,Kg2,Rxe4,Kf3,Re3+,Kf2,e5,Rc8+,Kg7,Rc4,e4,c3,Ng3,Ra4,Re2+,Kg1,f3,Ra1,Rg2#,0-1
e4,g6,d4,Bg7,Nf3,c6,Nc3,d5,exd5,cxd5,h3,Nc6,Bf4,a6,Ne5,Nf6,Nxc6,bxc6,Qd2,O-O,Bd3,Qb6,Be5,Qxb2,O-O,Qb4,Rab1,Qa5,Rfe1,c5,dxc5,Qxc5,Na4,Qc6,Nb6,Ra7,Bd4,Rc7,Qb4,e6,c4,dxc4,Bxc4,Rd8,Be5,Ra7,Bf1,a5,Qb2,Ne8,Bxg7,Nxg7,Rbc1,Qe8,Bb5,Qf8,a4,Rb7,Nc4,Bd7,Nxa5,Rbb8,Nc4,Nf5,Ne5,Be8,Ng4,Qg7,Nf6+,Kh8,Bxe8,Rxb2,Ng4,Rxe8,Rf1,Rbb8,Rc7,h5,Ne3,Rec8,Rxc8+,Rxc8,Nd1,Rc1,Kh2,Qe5+,g3,Qd4,Ne3,Rxf1,Nxf1,Qxf2+,Kh1,Qf3+,Kh2,Ne3,Kg1,Qg2#,0-1
e3,e5,Ne2,Nc6,d4,d5,c4,Nf6,cxd5,Qxd5,Nbc3,Bb4,a3,Bxc3+,Nxc3,Qd6,d5,Ne7,Nb5,Qd8,d6,cxd6,Nxd6+,Kf8,Bc4,Ned5,Nxf7,Kxf7,e4,Be6,exd5,Bxd5,Bxd5+,Qxd5,O-O,Qxd1,Rxd1,Rac8,Be3,a6,h3,Ke6,Rac1,Nd5,Bc5,Rc6,Ba7,Rhc8,Rxc6+,Rxc6,g3,b6,Re1,Rc8,f4,Ra8,Rxe5+,Kd6,Rxd5+,Kxd5,Bxb6,Rb8,Bc7,Rxb2,Be5,Rb3,Kf2,g6,a4,Ra3,h4,Ke4,h5,gxh5,Bd6,Rxa4,Kg2,Rd4,Bc5,Rd5,Be7,a5,Kh3,Kf3,Kh4,a4,Bf8,Rf5,Bd6,Ke4,g4,hxg4,Kxg4,h5+,Kg3,Rd5,Be7,a3,Kh4,a2,Bf6,Kxf4,Bc3,Rd3,Bf6,Kf5,Bg5,a1=Q,Bc1,Qxc1,Kxh5,Rh3#,0-1
d4,e5,dxe5,Bc5,Nf3,Bxf2+,Kxf2,Nc6,e4,f6,Bc4,Qe7,Bxg8,Rxg8,exf6,gxf6,Nc3,b6,Nd5,Qd6,Bf4,Ne5,Bxe5,fxe5,Qd3,Bb7,Qc3,O-O-O,Qxe5,Qc5+,Qd4,Qxc2+,Qd2,Qxe4,Rad1,Rdf8,Qd3,Rxg2+,Kxg2,Qg4+,Kf2,Qh4+,Ke2,Qh5,Rhg1,Kb8,Rg5,Qf7,Rg4,Ba6,Rf4,Bxd3+,Rxd3,Re8+,Kf2,Qg6,Rd2,Rg8,Ne7,Qh6,Rh4,Qg7,Nxg8,Qxg8,Rxd7,Qxa2,Rhxh7,Qxb2+,Kg3,Qc3,Rxc7,Qxc7+,Rxc7,Kxc7,h4,Kd6,h5,Ke6,Kg4,Kf6,Nd4,a5,Nb5,a4,Kf4,Kg7,Kg5,Kh7,h6,Kh8,Kg6,Kg8,h7+,Kh8,Nd6,a3,Nf7#,1-0
c4,e5,Nc3,g6,g3,Bg7,Bg2,Ne7,e3,c6,Nge2,Na6,O-O,Nc7,d4,exd4,Nxd4,d5,cxd5,Ncxd5,Nxd5,Nxd5,Qb3,O-O,Rd1,Re8,Bd2,Qb6,Bxd5,cxd5,Qxb6,axb6,Bc3,Bd7,a3,Bc6,Rd2,Bxd4,Bxd4,b5,Bc3,Ra4,h4,Rea8,Rad1,Re4,Kh2,Rae8,Rxd5,Bxd5,Rxd5,Rc8,Rxb5,Rc7,Rd5,Re8,h5,h6,Kg2,Kh7,g4,Rg8,Kg3,f5,hxg6+,Rxg6,Rxf5,Rc4,f3,Re6,e4,Rd6,Rf7+,Kg6,Rxb7,Rd3,Rg7#,1-0
b3,d5,e3,Nf6,Bb2,Nbd7,f4,g6,g4,Bg7,g5,Nh5,d4,Bf8,Be2,Ng7,Bf3,e6,h4,h5,gxh6,Rxh6,h5,Nf6,hxg6,Rxg6,Nd2,Nf5,Kf2,c5,dxc5,Bxc5,Rh8+,Ng8,Nf1,Qb6,Qd3,Bd7,Bh5,O-O-O,Bxg6,fxg6,a4,Ngh6,Rxd8+,Qxd8,Nf3,Ng4+,Ke2,Ngxe3,Nxe3,Bxe3,Be5,d4,Rh1,Ng3+,Kd1,Nxh1,Qxg6,Nf2+,Ke2,Qe8,Qg7,Ne4,Nxd4,Bxd4,Bxd4,Nd6,Be5,Nf5,Qh7,Bc6,Qc7#,1-0
d4,d5,c4,e6,Nc3,Nf6,cxd5,Nxd5,e4,Nxc3,bxc3,c5,a3,cxd4,cxd4,Be7,Nf3,O-O,Bd3,b6,O-O,Bb7,Qe2,Nd7,Rd1,Nf6,e5,Nd5,Qe4,g6,Bh6,Re8,Qg4,Rc8,h4,Nc3,h5,Nxd1,hxg6,fxg6,Bxg6,Bxf3,Bf7+,Kh8,Qg7#,1-0
d4,Nf6,e3,d6,b3,e5,dxe5,dxe5,Qxd8+,Kxd8,Bb2,Nbd7,Nf3,Bb4+,Nbd2,Ne4,a3,Bc3,Bxc3,Nxc3,Nc4,f6,Nfd2,Ke7,b4,c5,Nb3,b6,f3,Bb7,e4,Rac8,Kd2,Na4,b5,Nf8,c3,Ne6,Kc2,a6,Ne3,axb5,Bxb5,Ra8,Rhd1,Rhd8,Rxd8,Nxd8,Nf5+,Kf8,Rd1,g6,Nd6,Bc6,Bc4,Ke7,Nb5,Nb7,Nc7,Rc8,Nd5+,Bxd5,Bxd5,Nd6,Nd2,c4,Rb1,b5,Rb4,Nc5,g3,Nd3,Rb1,Rc7,a4,bxa4,Rb8,Ne1+,Kd1,Nd3,Ra8,a3,Rxa3,f5,Ra6,fxe4,Nxe4,Nxe4,Bxe4,Nc5,Rb6,Rd7+,Ke2,Nd3,Rc6,Nc1+,Kf1,Rd1+,Kg2,Rd2+,Kh3,Ne2,Rc7+,Kf6,Rxc4,Ng1+,Kg4,h5+,Kh4,Rxh2#,0-1
d4,c5,d5,Nf6,c4,b5,cxb5,e6,Nc3,exd5,Nxd5,Bb7,e4,a6,bxa6,Nxa6,Bc4,Bd6,Ne2,O-O,Nec3,Re8,O-O,Nxe4,Be3,Nxc3,Nxc3,Bxh2+,Kxh2,Qh4+,Kg1,Qxc4,Qh5,d5,Rac1,d4,Ne4,Qd5,Ng5,Qxg2#,0-1
e4,c5,Nf3,Nf6,d4,Nxe4,Bd3,Nf6,dxc5,Qa5+,Nc3,e6,O-O,Bxc5,a3,O-O,Bg5,Be7,Re1,d5,Ne5,Nbd7,f4,Qd8,Qd2,Nxe5,fxe5,Nd7,Bxe7,Qxe7,Qf4,b6,Re3,f5,exf6,Qxf6,Qg3,Nc5,Rf1,Qe7,Rxf8+,Qxf8,Rf3,Qe7,Qe5,Nxd3,Rxd3,Bb7,Nxd5,Qc5+,Rd4,Bxd5,Qxe6+,Bxe6,g4,Qxd4+,Kh1,Rf8,g5,Qf2,g6,Bd5#,0-1
d4,e6,c4,c5,d5,exd5,cxd5,d6,Nc3,g6,e4,a6,a4,Bg7,h3,Nd7,Nf3,Ne7,Bf4,O-O,Bxd6,Qb6,Bxe7,Re8,d6,Qxb2,Rc1,Bxc3+,Nd2,Bf6,Bxf6,Qxf6,Nc4,Rxe4+,Be2,b5,Qd5,Rxe2+,Kxe2,Rb8,axb5,axb5,Ne3,Bb7,Qd2,Ra8,Rhe1,Ra6,Red1,b4,Kf1,b3,Qc3,Qe6,Qc4,Ra2,Qxe6,fxe6,Nc4,Ba6,Kg1,b2,Nxb2,Rxb2,Re1,Kf7,Ra1,Rb6,Ra5,Rxd6,Rea1,Bd3,Ra7,c4,Rc7,Ke7,Raa7,Be2,f3,Bd3,Kf2,e5,Ke3,Ke6,Rab7,Nf6,g4,Nd5+,Kf2,Nxc7,Rxc7,h6,h4,Kd5,Ke3,Rc6,Rd7+,Ke6,Rg7,Bb1,f4,exf4+,Kxf4,c3,g5,hxg5+,Kxg5,Bf5,h5,c2,h6,c1=Q+,Kh4,Qxh6+,Kg3,Rc3+,Kf2,Qd2+,Kf1,Rc1#,0-1
e3,e5,Ne2,d5,d4,Nc6,c4,exd4,cxd5,Qxd5,Nbc3,Bb4,a3,Bxc3+,Nxc3,Qa5,exd4,Nf6,d5,Ne5,Bb5+,Bd7,Qe2,O-O-O,Bxd7+,Nexd7,O-O,Nxd5,Nxd5,Qxd5,Rd1,Rhe8,Be3,Qb3,Rac1,Nf6,Qf3,Rxd1+,Rxd1,Re4,Rc1,Qe6,h3,b6,Qg3,g6,Qxc7#,1-0
e4,d5,exd5,Qxd5,Nc3,Qd6,d4,Nf6,Nf3,c6,h3,Bf5,Bd3,Bxd3,Qxd3,e6,O-O,Be7,Bg5,O-O,Rfe1,Nbd7,Ne5,Nd5,Nc4,Qb8,Bxe7,Nxe7,Re2,Nb6,Rae1,Nxc4,Qxc4,Nd5,Nxd5,cxd5,Qd3,Qc7,Re3,Rfc8,c3,Qc4,Qb1,b5,Rg3,a5,Ree3,b4,b3,Qa6,Qd1,Qb6,Qg4,g6,Qf4,Rc7,cxb4,axb4,h4,Rc1+,Kh2,Qc7,Re5,Rxa2,h5,Raa1,Rh3,Rh1+,Kg3,Rxh3+,gxh3,Rg1+,Kh2,Qc1,Qf3,Rg5,hxg6,Qg1#,0-1
d4,g6,Nf3,d6,Bf4,Bg7,e3,Nd7,c3,e5,Bg3,Nh6,Nbd2,O-O,Bc4,Kh8,O-O,f6,a4,Nf5,b4,h5,Qc2,Nb6,Bd3,Nxg3,hxg3,f5,dxe5,dxe5,Be2,c6,a5,Nd5,e4,Nc7,Rad1,Qe7,Nh4,Qf7,Nc4,f4,Nd6,Qf6,Nxc8,Raxc8,Rd7,Rf7,Rfd1,Rcf8,R7d6,Ne6,Bc4,Re7,Qa2,Rfe8,a6,b5,Bb3,Bh6,Rxc6,Bg5,Nf3,Bh6,Rdd6,fxg3,Rxe6,gxf2+,Kxf2,Rxe6,Rxe6,Rxe6,Bxe6,Qf4,Qe2,g5,Kg1,Qf6,Bd5,g4,Nd2,Bf4,Nf1,Qb6+,Qf2,Qxa6,g3,Bh6,Qf7,Bg7,Qg8#,1-0
e4,e5,Bc4,Nf6,Bxf7+,Kxf7,d4,Nc6,dxe5,Nxe5,f4,Nxe4,Qd5+,Ke8,Qxe4,d5,Qxe5+,Kf7,Nf3,Bb4+,c3,Re8,cxb4,Rxe5+,Nxe5+,Kg8,O-O,Bf5,Nc3,d4,Rd1,a6,Be3,Qe7,Rxd4,Rd8,Nd5,Qh4,g3,Qh3,Ne7+,Kf8,Rxd8+,Kxe7,Rad1,Be4,R1d7+,Kf6,Rf8+,Ke6,Re8+,Kf6,Rf7#,1-0
d4,Nf6,c4,e6,Nc3,Bb4,Nf3,b6,Qb3,c5,Bf4,O-O,a3,Bxc3+,Qxc3,d5,dxc5,bxc5,e3,Bb7,Be2,Ne4,Qc2,Qa5+,Nd2,dxc4,Rd1,Nd7,O-O,Nxd2,Rxd2,Be4,Qc1,Nb6,Rfd1,Qb5,h3,Bd5,f3,f5,Be5,Qb3,Rc2,Rf7,Kh2,Rc8,Rc3,Qa4,e4,fxe4,fxe4,Bxe4,Rg3,Qe8,Bxc4,Nxc4,Qxc4,Bf5,Rc1,Bg6,b4,Qc6,bxc5,Rf5,Qe2,Rd8,Qb2,Rf7,Bd6,Rf5,Rc4,Rf7,Rb4,Rfd7,Rb8,a6,Rb4,Qd5,Rb8,Qc6,h4,Rc8,Rxc8+,Qxc8,Rb3,Qe8,Be5,Be4,Bxg7,Qe7,Bh6,Qxh4+,Rh3,Qd8,Qe5,Bg6,Qxe6+,Rf7,c6,Qb8+,Rg3,Kh8,c7,Rxc7,Qe5+,Kg8,Bf4,Qd8,Qxc7,Qxc7,Bxc7,Kf7,Rxg6,Kxg6,Kg3,Kf5,Kh4,Kg6,Kg4,h5+,Kh4,Kh6,a4,Kg6,Bd8,Kh6,Bg5+,Kg6,Bd2,Kf5,Kxh5,Ke4,g4,Kd3,Bf4,Kc3,g5,Kb4,g6,Kxa4,g7,Kb4,g8=Q,a5,Qd5,Kc3,Bd2+,Kc2,Qd4,Kb1,Qd3+,Kb2,Qc3+,Kb1,Qb3+,Ka1,Bc3#,1-0
d4,Nf6,c4,d6,Nf3,g6,Nc3,Bg7,e4,O-O,Be2,e5,d5,a5,O-O,Na6,Bg5,h6,Bh4,Qe8,Nd2,Bd7,a3,a4,f3,Nc5,Bf2,b6,b4,axb3,Nxb3,Nh7,Nxc5,bxc5,a4,h5,Nb5,Qd8,a5,Ra6,Qd2,Bf6,g3,Bg5,f4,exf4,gxf4,Bf6,Ra3,Re8,Bd3,Bh4,Kh1,Bxf2,Qxf2,Nf6,e5,Ng4,Qg3,dxe5,f5,e4,fxg6,fxg6,Be2,c6,Nd6,Rf8,h3,Rxf1+,Bxf1,cxd5,hxg4,Bxg4,Nb7,Qf6,Bg2,d4,Bxe4,Qf1+,Kh2,Rf6,Bd5+,Kg7,Bg2,Rf2,a6,d3,a7,d2,a8=Q,d1=Q,Qe5+,Kh6,Qah8#,1-0
e4,Nf6,Nc3,d5,exd5,Nxd5,d4,c6,Bd3,g6,h4,Bg7,Nge2,Nxc3,bxc3,c5,h5,Nc6,h6,Bf6,Be3,O-O,O-O,cxd4,cxd4,Nxd4,Rb1,Nxe2+,Qxe2,Qc7,Qf3,a5,Rb6,Be6,Rxb7,Qc3,a4,Rfd8,Rfb1,Bd5,Be4,Bxb7,Rxb7,Rac8,Ra7,Qe1+,Kh2,Rd1,g3,Qg1+,Kh3,Qf1+,Kh2,Rb1,Bd5,Qd1,Qxd1,Rxd1,c4,e6,Bb7,Rcd8,c5,Be5,c6,Bc7,Ba6,Bb8,Rb7,Re8,c7,Bxc7,Rxc7,e5,Bc4,Ra1,Bxf7+,Kh8,Bg5,Re6,Bxe6,Rh1+,Kxh1,e4,Bf6#,1-0
c4,Nf6,d4,d6,Nc3,e5,dxe5,dxe5,Qxd8+,Kxd8,Nf3,Nbd7,Bg5,c6,O-O-O,Kc7,e3,Bb4,Kc2,a5,a3,Bc5,Be2,Re8,Bh4,h6,Bg3,Nh5,Ne4,Nxg3,hxg3,Be7,g4,a4,g5,hxg5,Nexg5,Rf8,Rh7,Bf6,Ne4,g6,Nd6,Nc5,Rxf7+,Rxf7,Nxf7,Bf5+,Kd2,Re8,Ke1,Ne4,Bd3,Re7,Nh6,Nd6,Nxf5,Nxf5,Rb1,e4,Bc2,exf3,gxf3,b5,cxb5,cxb5,Rc1,Kb6,Be4,Rc7,Rd1,Bxb2,Rd3,Rc3,Rd7,Bxa3,Rb7+,Ka5,Kd2,Rc5,Kd3,Kb4,f4,Nd6,Re7,Rc3+,Kd2,Bc1+,Kd1,Ba3,Bxg6,Rc1+,Kd2,Nc4+,Ke2,Kb3,Bf7,Bxe7,Kd3,a3,Ke4,a2,f5,a1=Q,f6,Qe5+,Kf3,Qxf6+,Ke2,Rc2+,Kd3,Qxf2,Bxc4+,bxc4+,Ke4,Re2,Kd5,Qxe3,Kc6,Qe4+,Kb5,c3,Ka5,Kc2,Kb5,Re1,Kb6,Rb1+,Kc7,Qc4+,Kd7,Bc5,Ke8,Qd4,Kf7,Re1,Kg8,Qf2,Kh7,Rg1,Kh8,Qh2#,0-1
