Nf3,c5,c3,Nf6,d4,g6,Bf4,cxd4,cxd4,d6,Nc3,Bg7,h3,O-O,e3,Nc6,Rc1,b6,d5,Nb8,e4,Ba6,Bxa6,Nxa6,Nd4,Rc8,O-O,Rxc3,Rxc3,Nxe4,Ra3,Nac5,b4,Nd7,Re1,Bxd4,Qxd4,Nef6,Rxa7,Qb8,Ra3,Re8,Rae3,Qd8,Bg5,Kg7,f4,h6,Bh4,b5,Kh2,Kf8,Bxf6,Nxf6,Rxe7,Qxe7,Rxe7,Kxe7,Qa7+,Nd7,Qb7,Rb8,Qa7,h5,a4,bxa4,Qxa4,h4,Qa3,Rb5,Qe3+,Kf8,Qd4,Nb6,Qh8+,Ke7,Qxh4+,Kd7,Qf6,Rxd5,Qxf7+,Kc6,Qxg6,Rd4,f5,Nd5,f6,Rd2,f7,Rf2,b5+,Kxb5,Qg3,Rxf7,Qxd6,Rf5,g4,Kc4,gxf5,Ne3,Qe6+,Kd4,f6,Nf1+,Kg1,Nd2,f7,Nf3+,Kh1,Ng5,Qf6+,Ke4,Qxg5,Kf3,f8=Q+,Ke2,Qff6,Kd3,Qge5,Kc4,Qfd6,Kb3,Qec5,Ka4,Qa6+,Kb3,Qab6+,Ka4,Qca5#,1-0
e4,e6,d4,d5,Nc3,a6,Nf3,b5,exd5,exd5,Bd3,Nf6,h3,Be7,O-O,O-O,Re1,h6,Ne5,c5,dxc5,Bxc5,a3,Be6,Bf4,Nbd7,Qf3,Rc8,Rad1,Nb6,g4,Nfd7,Qg3,Be7,Nxd7,Qxd7,Be5,f5,gxf5,Bxf5,Qxg7#,1-0
Nf3,Nf6,c4,g6,Nc3,Bg7,e4,d6,d4,Bg4,Be2,O-O,O-O,Nfd7,Bg5,Nc6,d5,Bxf3,Bxf3,Nd4,Be2,Ne5,f4,Nxe2+,Qxe2,Nd7,Rf3,h6,Bh4,c6,Rd1,Rc8,dxc6,bxc6,Rxd6,g5,Rxd7,Qxd7,fxg5,hxg5,Bxg5,Qg4,Bxe7,Rfe8,Bf6,Bxf6,Rg3,Bd4+,Kf1,Qxg3,hxg3,Re6,Qg4+,Kf8,Ne2,Be5,Nf4,Bxf4,gxf4,Rd8,e5,Rd2,Qg5,Rg6,Qf5,Rgxg2,Qc8+,Kg7,Qxc6,Rgf2+,Kg1,Rxf4,b4,Rh4,Qf6+,Kf8,Qxh4,Rd1+,Kf2,Rd2+,Ke3,Rd7,Qh8+,Ke7,Qf6+,Ke8,c5,Re7,c6,Re6,Kd4,a6,Qxe6+,fxe6,Kc5,Ke7,Kb6,Kd8,Kb7,Ke7,c7,a5,c8=Q,a4,b5,a3,Kc7,Kf7,Kd7,Kg6,Qf8,Kg5,Kxe6,Kg4,Qf5+,Kg3,Kf6,Kg2,e6,Kg3,e7,Kg2,e8=Q,Kg3,Qg8+,Kh2,Qfh7#,1-0
e4,e5,d4,exd4,c3,d3,Bxd3,g6,h4,h6,h5,g5,f4,d5,fxg5,dxe4,Bxe4,Qxd1+,Kxd1,Bg4+,Bf3,Bxf3+,Nxf3,Nc6,Kc2,O-O-O,Nbd2,hxg5,Nxg5,Nh6,Nde4,f5,Nf2,Be7,Ne6,Rdg8,Nf4,Rg3,Bd2,Bg5,Rag1,Ne5,N2h3,Bd8,Ng6,Nxg6,hxg6,Rxg6,Nf4,Rgg8,Ne6,Ng4,Nxd8,Kxd8,Bg5+,Kd7,Rd1+,Kc6,Bf4,Nf2,Rxh8,Rxh8,Rd4,b5,a4,a6,axb5+,axb5,c4,b4,Rd5,Rg8,g3,Ne4,Rxf5,Nxg3,Rf6+,Kc5,b3,Nf1,Bxc7,Rg2+,Kd3,Rd2+,Ke4,Rb2,Bb6#,1-0
Nf3,d5,d4,c6,c4,Bf5,Qb3,Qb6,c5,Qc7,Nc3,Nd7,Qd1,b6,cxb6,axb6,g3,e6,Bg2,Ngf6,O-O,Bd6,b3,O-O,Bb2,Qb7,e3,Ra7,Nh4,Be4,f3,Bg6,Nxg6,hxg6,e4,Ba3,Bxa3,Rxa3,Qc1,Rfa8,Na4,R3xa4,bxa4,Rxa4,Qb2,dxe4,fxe4,b5,Rfc1,Nb6,Rc3,Qd7,Rd3,Nc4,Qb3,Ra3,Qc2,Ra4,Rad1,Qa7,a3,Qa6,d5,cxd5,exd5,exd5,Bxd5,Nxa3,Qf2,Nxd5,Rxd5,Nc4,Rd8+,Kh7,Qd4,Qa7,Rd7,Qxd4+,R1xd4,f5,Rb7,Ra1+,Kf2,Ra2+,Ke1,Rxh2,Rxb5,Ne3,Rh4+,Rxh4,gxh4,Ng2+,Kf2,Nxh4,Kg3,g5,Rb6,g6,Rb8,Kg7,Rb7+,Kh6,Rb8,Kg7,Rb6,Kh6,Ra6,Kh5,Ra8,f4+,Kh3,g4+,Kh2,Nf3+,Kg2,Kg5,Ra5+,Kh4,Ra8,Ne5,Rh8+,Kg5,Re8,Nd3,Rd8,Ne1+,Kf2,Nf3,Rd5+,Kh4,Rd8,Ne5,Re8,Kg5,Rxe5+,Kh4,Ra5,g3+,Kg2,g5,Ra8,Kg4,Ra4,Kh4,Kf3,Kh3,Ra8,g4+,Kxf4,g2,Rh8#,1-0
d4,d5,Bf4,Bg4,f3,Bh5,Nc3,c6,Qd2,Nd7,g4,Bg6,h4,h5,g5,e6,e4,Bb4,O-O-O,Ne7,Bd3,a6,Nge2,b5,Qe3,Qa5,Kb1,O-O,Bg3,Bxc3,Nxc3,b4,Ne2,Nb6,Bd6,Rfe8,Nf4,Nc4,Bxc4,dxc4,Bxe7,Rxe7,Nxg6,fxg6,Qe2,c3,Qc4,cxb2,Kxb2,Qb5,Qc5,Rf7,Rd3,Raf8,Rf1,Qxc5,dxc5,Rf4,Rd6,Rxe4,fxe4,Rxf1,Rxe6,Kh7,Rxc6,Rf4,Re6,Rxh4,c6,Rh3,c7,Rc3,Rxa6,h4,Rd6,Rxc7,Rd3,Rc5,Rh3,Rxg5,Rxh4+,Rh5,Kb3,Rxh4,Kxb4,Rxe4+,c4,g5,Kb5,g4,c5,g3,c6,Re1,c7,Rc1,Kb6,Rxc7,Kxc7,g2,a4,g1=Q,a5,Qa7+,Kc6,Qxa5,Kd7,g5,Kc6,g4,Kd7,g3,Kc6,g2,Kd7,g1=Q,Kc6,Qg6+,Kd7,Qa7+,Kc8,Qg8#,0-1
e4,e5,Nf3,Nc6,Bb5,a6,Bxc6,dxc6,O-O,Qf6,d4,exd4,Qxd4,Qxd4,Nxd4,Bd7,Nc3,O-O-O,Nde2,Re8,Bf4,Nf6,f3,g6,Rfd1,Bg7,Rd2,h6,Rad1,Be6,Be3,b6,Kf2,c5,h3,g5,b3,Nd7,Nd5,Ne5,c4,Kb7,a4,Nc6,g4,Be5,Ng3,Nd4,Bxd4,Bxd4+,Ne3,b5,axb5,axb5,Rxd4,cxd4,Rxd4,c5,Rd2,Rd8,Nd5,b4,Nf5,h5,Kg3,hxg4,hxg4,Rh1,e5,Re1,Nd6+,Kb8,Ne4,Rb1,Nxc5,Rc8,Na6+,Ka7,Naxb4,Rxb3,Ra2+,Kb7,Ra5,Rxc4,Rb5+,Kc8,Nb6+,Kd8,Nxc4,Bxc4,Rb6,Be2,Nd5,Rxf3+,Kg2,Rd3,Rd6+,Ke8,Nf6+,Ke7,Rxd3,Bxd3,Kf3,Ke6,Nh7,Bxh7,Ke3,Kxe5,Kf3,Be4+,Ke3,Bd5,Kf2,Kf4,Ke2,Be6,Kf2,Bxg4,Kg1,Bf3,Kh2,g4,Kg1,g3,Kf1,Ke3,Kg1,f5,Kf1,f4,Kg1,Bg4,Kf1,Bh3+,Kg1,f3,Kh1,Ke2,Kg1,f2+,Kh1,f1=Q#,0-1
e4,c5,Nf3,e6,d4,cxd4,Nxd4,Nc6,Nc3,Qc7,Be3,a6,Qf3,Nf6,O-O-O,Ne5,Qg3,b5,Bxb5,axb5,Ndxb5,Qb8,Bf4,d6,Rxd6,Bxd6,Nxd6+,Qxd6,Bxe5,Qf8,Bd6,Qg8,Rd1,Bd7,a4,h5,Ba3,h4,Qc7,Rh5,e5,Nd5,Nxd5,exd5,Rxd5,Rd8,Qd6,f6,Qe7#,1-0
e4,e6,d4,d5,Nc3,Nf6,Bg5,dxe4,Nxe4,Be7,Bxf6,gxf6,Nf3,a6,g3,Nc6,c3,e5,d5,Nb8,c4,f5,Nc3,e4,Nd4,c5,Nc2,Nd7,f4,Nf6,Bh3,h5,Ne3,Ng4,Bxg4,hxg4,d6,Qxd6,Ncd5,Be6,Qa4+,Kf8,Qa5,Qd8,Qc3,Rh6,Rd1,b5,O-O,Bf6,Nxf6,Qxf6,Qa3,bxc4,Rd6,Kg7,Rf2,Rhh8,Rfd2,c3,bxc3,Rab8,Rd1,c4,Rxa6,Rb5,Ra5,Rb6,Rc1,Rd8,Ra8,Rbd6,Rxd8,Qxd8,Qc5,Rd2,a4,Kg6,Nf1,Rd5,Qb4,Qc7,Re1,Qa7+,Kg2,e3,Nxe3,Rd2+,Kg1,Kh7,Qf8,Rd3,Kf2,Qb7,Kg1,Qa7,Kf2,Qb7,Kg1,Qb6,a5,Qa7,Kf2,Qxa5,Qe7,Qxc3,Qh4+,Kg7,h3,Rd2+,Kf1,Qd3+,Kg1,Qe4,Qg5+,Kf8,Qh5,Qf3,Qh8+,Ke7,Nxf5+,Kd7,Qd4+,Rxd4,Nxd4,Qxg3+,Kf1,Qxf4+,Ke2,c3,Kd3,Qd2+,Ke4,Qxe1+,Kf4,Qd2+,Ke4,c2,Nb3,Bxb3,hxg4,c1=Q,Kf3,f6,Kg3,f5,Kf3,Qcc3#,0-1
d4,Nf6,c4,e5,dxe5,Ng4,Nh3,Nxe5,e3,d6,Nf4,g6,Nc3,Bg7,Be2,O-O,O-O,a5,Bd2,Nbd7,b3,Nc5,Rc1,Re8,Be1,Bd7,h3,Bc6,Ncd5,b6,Bc3,Ne4,Ba1,Nf6,Nxf6+,Bxf6,Nd5,Bg7,Qd2,Bb7,Rfd1,h5,Kh2,Rc8,f4,Nd7,Bxg7,Kxg7,Qd4+,Nf6,Bf3,Bxd5,cxd5,Qe7,e4,Kh7,Re1,Nd7,Rc3,Qf6,Qxf6,Nxf6,e5,Nd7,Rce3,dxe5,fxe5,Nc5,Be2,Rcd8,Bb5,Re7,Bc6,Kg7,g4,hxg4,hxg4,Rh8+,Kg3,g5,Rf1,Nd7,Rf5,Kg6,Bxd7,Rxd7,e6,Re7,Rxf7,Rxf7,exf7,Kxf7,Rc3,Rc8,Rc6,Ke7,d6+,Kd7,Rxc7+,Rxc7,dxc7,Kxc7,Kf3,Kd6,Ke4,Ke6,a4,Kd6,Kf5,Kc5,Kxg5,Kb4,Kf4,Kxb3,g5,b5,g6,bxa4,g7,a3,g8=Q+,Kb2,Qg2+,Kb1,Qf1+,Kb2,Qe2+,Kb1,Qd3+,Kb2,Qb5+,Ka1,Ke3,a2,Kd2,a4,Kc2,a3,Qe5#,1-0
e4,e5,Nc3,c6,f4,d5,exd5,cxd5,fxe5,d4,Ne4,Nc6,Nf3,Bg4,Bb5,Qd5,Bxc6+,bxc6,d3,Rb8,O-O,Be7,b3,h5,h3,Nh6,Bxh6,Rxh6,hxg4,hxg4,Nh2,g3,Ng4,Rh4,Qf3,Kd7,Nxg3,Qxf3,gxf3,Rbh8,Kg2,f5,exf6,gxf6,Rh1,Ke6,Rxh4,Rxh4,Rh1,Rxh1,Nxh1,f5,Ngf2,f4,Nh3,Bd6,N1f2,Kd5,Ne4,Bc7,Nhg5,c5,Kh3,Kc6,Kg4,Kb5,a3,a5,Ne6,Bb6,N6xc5,Bxc5,Nxc5,Kxc5,Kxf4,a4,b4+,Kd5,Kf5,Kd6,Ke4,Ke6,Kxd4,Kd6,f4,Kc6,c4,Kb6,Kd5,Kc7,f5,Kb6,f6,Kc7,f7,Kb6,f8=Q,Kc7,Qe7+,Kb6,c5+,Ka6,Qd6+,Ka7,Qb6+,Ka8,Qb5,Ka7,Kc6,Ka8,Qb7#,1-0
e4,c5,Nf3,d6,d4,cxd4,Nxd4,Nf6,Nc3,g6,Be3,Bg7,f3,Nc6,Bc4,O-O,Qd2,Bd7,O-O-O,Rb8,Bb3,Na5,Kb1,b5,h4,e6,h5,b4,Nce2,Nxh5,g4,Nf6,Ng3,e5,Qh2,exd4,g5,Nh5,Nxh5,gxh5,Qxh5,h6,Bxd4,Qxg5,Rdg1,Rb5,Bd5,Rxd5,exd5,f6,Rxg5,hxg5,Qh7+,Kf7,Rh6,Rh8,Qg6+,Kf8,Bxf6,Bxh6,Bxh8,b3,Qxh6+,Ke8,Bf6,bxc2+,Kc1,Nb3+,axb3,Bf5,Qg7,Bg6,Qe7#,1-0
d4,d5,c4,c6,cxd5,cxd5,Nc3,Nf6,f3,Nc6,e4,dxe4,d5,Ne5,fxe4,a6,Nf3,Nxf3+,Qxf3,e5,Bg5,Qb6,O-O-O,Bd7,h3,Rc8,Kb1,Ba3,Rd2,Bb4,Rc2,Bxc3,Bxf6,gxf6,Rxc3,Ke7,Bc4,Qd6,Rhc1,b5,Be2,Rxc3,Rxc3,Rc8,Qe3,Rxc3,Qxc3,f5,Bd3,fxe4,Bxe4,f5,Bf3,Kf6,Qd2,Kg6,h4,h6,g4,fxg4,Be4+,Kg7,Qd3,Qf6,a3,Qxh4,Qc3,Qe7,Qc7,Kf6,d6,Qe6,Qd8+,Kg7,Qc7,Kf6,Qc5,h5,Qe3,Kg7,Qg5+,Kf8,Qxh5,Qxd6,Qh8+,Ke7,Qg7+,Kd8,Qg8+,Kc7,Qg5,Qd1+,Ka2,Be6+,b3,Qxb3+,Ka1,Qa2#,0-1
e4,c5,Nf3,Nc6,d4,cxd4,Nxd4,Nf6,Nc3,d6,Bg5,e6,Bb5,Bd7,Qd3,a6,Bxc6,bxc6,O-O-O,Be7,Nb3,d5,e5,Ng8,Be3,Bg5,f4,Be7,g4,Nh6,h3,Qc7,Bc5,Bxc5,Nxc5,a5,Rde1,g6,Rhf1,Bc8,Ne2,Qb6,Qe3,Ba6,f5,Bxe2,Rxe2,Rb8,b3,gxf5,gxf5,Nxf5,Rxf5,exf5,e6,f6,Qc3,Ke7,Nd7,Qg1+,Kb2,Rb7,Qxf6+,Kd6,Qe5+,Ke7,Qxh8,a4,Qf8#,1-0
d4,Nf6,c4,e6,Nc3,d5,cxd5,exd5,Bg5,c6,e3,Be7,Bd3,Ng4,Bf4,Bd6,Nge2,Qh4,Bg3,Bxg3,Nxg3,O-O,Qf3,g6,h3,Nh6,O-O,Nd7,e4,dxe4,Ncxe4,f5,Bc4+,Kg7,Nd6,Qxd4,Rad1,Qxb2,Rb1,Qf6,Nxc8,Ne5,Rxb7+,Kh8,Qf4,g5,Qc1,Raxc8,Bb3,g4,Nh5,Qg6,Qc3,Rce8,Re1,gxh3,g3,h2+,Kh1,Qxh5,Rxe5,Qf3+,Qxf3,Rxe5,Qc3,Ng4,f4,Rd8,fxe5,Rd3,Qxc6,Rxg3,Qe8#,1-0
Nf3,Nf6,g3,b6,Bg2,Bb7,O-O,g6,c4,Bg7,d4,O-O,d5,b5,Nc3,bxc4,e4,e6,Nd2,exd5,exd5,c6,d6,Nd5,Nxd5,cxd5,Nxc4,Nc6,Bxd5,Qf6,Bf4,Rab8,Rb1,Rfe8,b3,Nd4,Bxb7,Rxb7,Be3,Nf5,Bc1,Qd4,Bb2,Qxd1,Rfxd1,Bxb2,Rxb2,Re6,Rbd2,Rb8,Kg2,Rbe8,Kf3,h5,h4,Kg7,Rd5,Re2,R1d2,Re1,Ra5,R1e2,Rxe2,Nd4+,Kg2,Rxe2,Rxa7,Nf5,Rxd7,Rxa2,Rb7,Kf6,d7,Ke7,Nb6,Ne3+,Kf3,Ng4,Rb8,Rxf2+,Ke4,Nf6+,Ke3,Ng4+,Kd4,Rd2+,Kc3,Rxd7,Nxd7,Kxd7,b4,Nh6,Rb7+,Kc6,Ra7,Nf5,Rxf7,Nxg3,Rf6+,Kc7,Rxg6,Nf5,Rg5,Nxh4,Rxh5,Ng6,Kc4,Nf4,Rh7+,Kb6,Rh6+,Kb7,Kb5,Nd5,Ka5,Ne3,b5,Nc4+,Kb4,Nb6,Kc5,Na4+,Kd4,Nb6,Rc6,Na4,Kd5,Nb6+,Kd6,Na4,Ra6,Nb6,Kc5,Nd7+,Kb4,Nb6,Ra1,Nc4,Kxc4,Kb6,Ra6+,Kb7,Kc5,Kc7,b6+,Kb7,Ra7+,Kb8,Rh7,Kc8,Kc6,Kd8,b7,Ke8,b8=Q#,1-0
Nf3,Nf6,d4,g6,Bf4,Bg7,e3,O-O,h3,b6,Bc4,Bb7,a4,a5,c3,d6,Nbd2,Nbd7,Qb3,e6,O-O,d5,Bb5,c6,Be2,c5,Bb5,c4,Qa2,Nb8,b3,cxb3,Qxb3,Na6,Rfc1,Rc8,Rab1,Nc7,Bf1,Na8,Ne5,Nd7,Nef3,h6,Bb5,Nf6,Ne5,Nc7,Bf1,Na8,c4,g5,Bh2,dxc4,Ndxc4,Qd5,Qb2,Ba6,Nxb6,Nxb6,Qxb6,Bxf1,Rxf1,Ne4,Rb5,Qa2,Qxa5,Rc2,Nd3,Nd2,Re1,Qc4,Ne5,Qa2,Nd3,Qc4,Nb2,Qa2,Qb4,Rfc8,Bd6,Rc1,Rxc1,Rxc1+,Kh2,Nf1+,Kg1,Ng3+,Kh2,Ne2,Rb8+,Kh7,d5,Rh1+,Kxh1,Qb1+,Nd1,Qxd1+,Kh2,Qg1#,0-1
d4,Nf6,c4,g6,g3,Bg7,Bg2,O-O,Nf3,d6,O-O,Nc6,d5,Na5,Na3,c5,Nd2,a6,Rb1,Rb8,b3,b5,Bb2,e6,e4,exd5,cxd5,Re8,h3,Nh5,Bxg7,Kxg7,b4,cxb4,Nc2,Qb6,Kh2,f5,Nxb4,Nf6,exf5,Bxf5,Rc1,Qd4,Rc7+,Kg8,a3,Qb6,Rc3,h5,Qa1,Re2,Re3,Rxe3,fxe3,Rf8,e4,Qe3,Qb2,Nxe4,Nxe4,Bxe4,Rxf8+,Kxf8,Qf6+,Kg8,Qe6+,Kg7,Qxe4,Qxe4,Bxe4,Nc4,Nxa6,Nxa3,Bd3,Kf6,h4,g5,Be2,gxh4,gxh4,Ke5,Bxh5,Kxd5,Be2,Ke5,Kg3,Kf6,Nb4,Nc4,Bxc4,bxc4,Nd5+,Kg7,Kf4,Kh6,Kg4,Kh7,h5,Kh6,Kh4,Kh7,Kg5,Kg7,h6+,Kh7,Kh5,Kh8,Kg6,Kg8,h7+,Kh8,Kh6,c3,Ne7,d5,Ng6#,1-0
e4,e5,Nf3,Nc6,Bb5,Nf6,O-O,Nxe4,d4,Be7,Qe2,Nd6,Bxc6,bxc6,Nxe5,O-O,Re1,Re8,Nc3,Bf8,Qf3,f6,Nd3,Rxe1+,Nxe1,Ba6,Nd3,Qe8,Bf4,Nf5,d5,Nd4,Qd1,cxd5,Nb4,Bb7,Qxd4,c5,Qd3,cxb4,Nxd5,Qg6,Qb3,Kh8,Rd1,Bc6,h3,a5,Be3,Qh5,Qd3,Rb8,b3,Re8,Nf4,Qe5,Nd5,Re6,Bf4,Qh5,Nc7,Re4,Be3,Re5,Rd2,h6,Qc4,Be7,Qg4,Qf7,Qg3,Bc5,Bxc5,Rxc5,Qe3,Re5,Qd3,Qe7,Kh2,Qc5,h4,f5,Qg3,Qe7,Na6,Re4,f3,Rxh4+,Kg1,Qe3+,Qf2,Qg5,Re2,Qh5,Qc5,Bxf3,Qc8+,Kh7,Re8,Bd5,Rh8+,Kg6,Qe8+,Bf7,Qe3,Qd1+,Kf2,Qxc2+,Kg1,Qb1+,Kf2,Qxa2+,Kg1,Qb1+,Kf2,Qc2+,Kg1,Qd1+,Kf2,Re4,Qxe4,fxe4,Nxb4,Qd2+,Kg1,axb4,Rb8,e3,Rb6+,Kh7,Rxb4,Bd5,Rg4,Qd1+,Kh2,Qxg4,g3,Qe2+,Kg1,Qf2#,0-1
e4,e5,Nf3,Nc6,Bb5,Nf6,O-O,Nxe4,Re1,Nd6,Nxe5,Be7,Nxc6,dxc6,Bf1,O-O,d4,Nf5,c3,Be6,Nd2,c5,dxc5,Bxc5,Nf3,Qxd1,Rxd1,Rfd8,Bf4,c6,b3,a5,Ng5,Bd7,Ne4,Bb6,c4,Be6,c5,Rxd1,Rxd1,Rd8,Rxd8+,Bxd8,g4,Nd4,Nd6,b5,Nb7,Be7,Bd6,Kf8,Nxa5,Bxg4,Bd3,Bxd6,cxd6,Ke8,Kg2,Kd7,Kg3,Be6,Nb7,b4,h4,h6,Kf4,Bd5,Ke5,Nf3+,Kf4,Nxh4,Kg4,g5,f3,Be6+,Kg3,f5,f4,Ng6,fxg5,hxg5,Bc4,Bd5,Bd3,f4+,Kf2,Ne5,Bf5+,Ke8,Nc5,Nf7,d7+,Kd8,Nd3,Nd6,Bg4,Ne4+,Ke1,Nf6,Bf5,Nxd7,Nxb4,Ne5,Nc2,Kc7,Kf1,g4,Nd4,g3,Ne6+,Bxe6,Bxe6,f3,Bh3,Kd6,Bf5,Kc5,Bc2,Kb4,a4,c5,Bd1,c4,Bc2,cxb3,Bxb3,Kxb3,a5,Nc6,a6,Kb4,Ke1,Kb5,Kd2,Kxa6,Ke3,f2,Ke2,Kb5,Kf1,Kc5,Kg2,Kd4,Kxg3,f1=Q,Kg4,Ke4,Kg5,Qf5+,Kh4,Qg6,Kh3,Kf3,Kh2,Qg2#,0-1
d4,Nf6,c4,e6,Nc3,Bb4,Qc2,d5,a3,Bxc3+,Qxc3,O-O,Nf3,b6,cxd5,Ne4,Qc2,exd5,Bf4,c5,e3,Bf5,Qa4,Nd7,Bb5,a6,Bc6,b5,Qd1,c4,Bxd5,Ra7,O-O,Nb6,Bxe4,Bxe4,a4,Nxa4,Rxa4,bxa4,Qxa4,Bd3,Rc1,Qd7,Qa3,Qb5,Ne5,Rb7,Nxd3,cxd3,Rd1,Rc8,h3,d2,Rxd2,Rc1+,Kh2,g5,Be5,f6,Bxf6,Qf5,Qd6,Rd7,Qb8+,Kf7,Be5,g4,Qb3+,Kf8,Qa3+,Kf7,Qa2+,Kf8,Qa3+,Kf7,b4,Rc6,Qb3+,Kf8,b5,axb5,Qxb5,Rg6,h4,g3+,Bxg3,Rg4,Qxf5+,Rf7,Qxg4,h5,Qxh5,Kg7,Qxf7+,Kxf7,d5,Ke7,d6+,Kd7,h5,Kd8,d7,Ke7,d8=Q+,Ke6,Rd6+,Kf5,Qf6+,Kg4,Qf4+,Kxh5,Rh6#,1-0
d4,Nf6,c4,c5,d5,a6,Nc3,e5,e4,d6,Bd3,Nbd7,Nf3,Be7,h3,Rb8,a4,O-O,g4,Ne8,O-O,g6,Bh6,Ng7,Qd2,Qa5,Ng5,Qd8,Kg2,Bf6,h4,Be7,Rh1,Nf6,f3,Re8,Rh2,Bf8,Rah1,Ngh5,gxh5,Bxh6,hxg6,fxg6,Bf1,Nh5,Ne2,Qf6,Kf2,Rf8,Qd3,Bd7,Bh3,Bxh3,Rxh3,Bxg5,hxg5,Qe7,Rxh5,gxh5,Rxh5,b5,axb5,axb5,cxb5,c4,Qxc4,Qa7+,Kg2,Qe3,Ng1,Rbc8,Qf1,Rc2+,Kh1,Rc1,Qg2,Qxf3,Qxf3,Rxf3,Kg2,Rb3,Rh6,Rxb2+,Kh1,Rbb1,Rxd6,Rxg1+,Kh2,Rxg5,Re6,Rb2+,Kh3,Rb1,d6,Rh1#,0-1
e4,d5,exd5,Qxd5,Nc3,Qd6,d4,Nf6,Nf3,g6,Nb5,Qd8,Bf4,Nd5,Be5,f6,Bg3,c6,Na3,Bh6,Bd3,Qa5+,Kf1,Na6,c3,Nf4,Nc4,Qh5,Bxf4,Bxf4,h3,Be6,g3,Bh6,Kg2,Nc7,Qe2,O-O,a4,Rad8,Rae1,Rfe8,Be4,Nd5,a5,Bf7,a6,b6,Bd3,Bg7,Rd1,Rd7,Rhe1,Nc7,Ne3,Nd5,Nxd5,Qxd5,b4,b5,Be4,Qd6,Bb1,Bd5,Ba2,Bxa2,Qxa2+,Qd5,Qe2,Bh6,Qe6+,Kf8,Re2,Rd6,Qe4,Qxe4,Rxe4,e6,h4,Kf7,g4,Rd5,g5,Bg7,Rde1,Re7,gxf6,Bxf6,Kg3,Re8,Nh2,Rd6,R1e2,Rb8,Rf4,Kg7,Ng4,Rf8,Rfe4,Kf7,f3,h5,Nf2,Rg8,Nd3,g5,hxg5,Rxg5+,Kh2,Rf5,f4,Bg7,Kh3,Bh8,R4e3,Bg7,Rg3,Bf6,Reg2,Rd8,Ne5+,Bxe5,fxe5,Ke7,Rg7+,Rf7,Rxf7+,Kxf7,Rf2+,Ke7,Rf6,Rf8,Rh6,Rf1,Kh4,Kf7,Kxh5,Rh1+,Kg5,Rg1+,Kf4,Rf1+,Ke4,Ke7,Rh7+,Rf7,Rxf7+,Kxf7,d5,cxd5+,Kd4,Kg6,Kc5,Kf5,Kxb5,Kf4,Kc5,Kxe5,b5,Ke4,b6,Kf3,bxa7,d4,a8=Q+,Kg4,a7,Kf4,Qg2,d3,a8=Q,Kf5,Qaf3+,Ke5,Qgg3#,1-0
Nf3,Nf6,c4,b6,g3,Bb7,Bg2,g6,b3,Bg7,Bb2,O-O,O-O,c5,d4,cxd4,Qxd4,d6,Nc3,Nbd7,Qd2,Rc8,Nd5,Rc5,Ne1,Nxd5,Bxg7,Kxg7,cxd5,Qa8,Nd3,Bxd5,Nxc5,Bxg2,Nxd7,Bxf1,Rxf1,Rd8,Qd4+,Kg8,Nxb6,axb6,Qxb6,Rc8,a4,Qe4,Qe3,Qb4,Rb1,e6,Qf4,Qa3,Qe4,d5,Qd3,Rc1+,Rxc1,Qxc1+,Kg2,Qc6,Qb5,Qc2,a5,Qe4+,f3,Qc2,a6,Qa2,Kf2,e5,Qb7,d4,a7,Kg7,a8=Q,Qd2,Qe4,f6,Qab7+,Kf8,Qb8+,Kg7,Qc7+,Kf8,Qa8#,1-0
e4,e5,Nf3,Nc6,d4,exd4,Nxd4,Qf6,Nb5,Bc5,Qe2,Bb6,N1c3,Nge7,Be3,Ba5,O-O-O,a6,Nd4,Bxc3,bxc3,d6,f4,O-O,g4,Ng6,g5,Qe7,Qf3,Re8,Bd3,Bd7,h4,Nf8,h5,Ne6,Nf5,Qf8,Rdg1,Nc5,Bxc5,Bxf5,exf5,dxc5,f6,c4,Bxc4,Qc5,Bb3,Re3,Qg4,Qxc3,Kb1,Rae8,g6,Re1+,Rxe1,Rxe1+,Rxe1,Qxe1+,Kb2,hxg6,hxg6,gxf6,gxf7+,Kf8,Qg8+,Ke7,f8=Q+,Kd7,Qgf7+,Ne7,Q8e8+,Kd6,Qxf6+,Kc5,Qexe7+,Kb5,Qxe1,c5,c4#,1-0
e4,c5,b4,cxb4,d4,d5,e5,Bf5,Bd3,Bg6,a3,e6,axb4,Bxb4+,c3,Be7,Ne2,Nc6,Ba3,Nh6,O-O,O-O,Ng3,a6,f4,Bxd3,Qxd3,g6,Nd2,b5,Qe3,Bxa3,Rxa3,Qe7,Ra2,b4,cxb4,Qxb4,Nf3,Rfb8,h3,a5,f5,Nxf5,Nxf5,exf5,Qh6,Qf8,Qh4,a4,Ng5,h6,Nf3,Nb4,Ra3,Nc2,Ra2,Ne3,Re1,Rb3,Nd2,Rd3,Qg3,f4,Qxf4,Nf5,Nf3,Ra6,g4,Ng7,Kg2,Ne6,Qc1,a3,Re3,Rxe3,Qxe3,Qb4,Kg3,Kg7,h4,Qb1,Qe2,Qe4,Qxa6,Qf4+,Kf2,Qxg4,Qd3,Nf4,Qxa3,Nh3+,Ke3,Qf4+,Ke2,Qe4+,Kd1,Nf2+,Rxf2,Qb1+,Ke2,Qe4+,Kf1,Qb1+,Kg2,Qe4,Qe7,Qg4+,Kf1,Qh3+,Ke2,Qg4,Qf6+,Kg8,h5,g5,Kf1,Qh3+,Rg2,Qxh5,Nxg5,Qd1+,Kf2,Qd2+,Kg3,Qe1+,Kh2,Qh4+,Nh3+,Kf8,Qxh4,Ke8,Qf6,Kd7,Rg8,Kc7,Rd8,Kb7,Qd6,Ka7,Rb8,f6,Qb6#,1-0
d4,Nf6,c4,c5,d5,a6,Nc3,e5,e4,d6,Bd3,Be7,Nf3,O-O,h3,Ne8,g4,Nd7,O-O,Rb8,a4,g6,Bh6,Ng7,Qd2,Nf6,Kg2,Bd7,Ng5,Qa5,f4,exf4,Rxf4,Be8,Raf1,Nd7,Qf2,Ne5,Be2,Qd8,Bxg7,Bxg5,Bxf8,Kxf8,Rf3,Kg7,Nd1,Qe7,Ra3,b5,axb5,axb5,cxb5,Bxb5,Bxb5,Rxb5,Nc3,Rb4,Ra4,Nd3,Qf3,Rxb2+,Kh1,Ne5,Qg3,Bh4,Qf4,Bg5,Qg3,Rb3,Ra2,Bh4,Qe3,Bg5,Qg3,Qd8,Rc2,Qa5,Rd1,Qb4,h4,Bxh4,Qxh4,Rxc3,Rf2,Nd7,Rdf1,f6,Rxf6,Rh3+,Qxh3,Nxf6,Qf3,Qd4,g5,Qxe4,gxf6+,Kf7,Qxe4,h6,Qe7+,Kg8,Qg7#,1-0
e4,e6,d4,d5,Nc3,dxe4,Nxe4,Nd7,Nf3,Ngf6,Nxf6+,Nxf6,c3,Bd6,g3,O-O,Bg2,c5,O-O,Qc7,dxc5,Bxc5,Bf4,Qb6,b4,Be7,Ne5,a5,a3,axb4,axb4,Rxa1,Qxa1,Nd5,Bd2,Bf6,c4,Nxb4,Rb1,Nc2,Rxb6,Nxa1,Bc3,Nc2,Bxb7,Bxb7,Rxb7,Rc8,Bb2,Bxe5,Bxe5,f6,Bc7,Nd4,c5,Nb3,Rxb3,Rxc7,Rb5,e5,Kf1,Kf7,Ke2,Ke6,Kd3,Kd5,Ke3,g6,g4,Rxc5,Rb7,Rc3+,Ke2,Rh3,Rb6,f5,gxf5,gxf5,Rf6,f4,Rf7,Rxh2,Kf3,Rh4,Rd7+,Ke6,Ra7,Rh1,Ke4,Re1+,Kf3,h5,Rh7,Rh1,Ke4,Kf6,Rh6+,Kg5,Rh8,Re1+,Kf3,e4+,Kg2,f3+,Kg3,Rg1+,Kh3,Rg2,Re8,Kf4,Rf8+,Ke5,Re8+,Kd5,Rd8+,Kc4,Rh8,Rxf2,Kg3,Rg2+,Kh3,Kd3,Rxh5,Rg1,Kh2,f2,Rf5,Ke2,Rf4,e3,Ra4,Rg8,Ra2+,Kf3,Ra8,f1=Q,Rxg8,Qf2+,Kh3,Ke2,Rg7,Qf5+,Kg2,Qe4+,Kh3,Qh1+,Kg4,Qg1+,Kf5,Qxg7,Ke4,Kf2,Kd5,e2,Ke4,e1=Q+,Kf5,Qg3,Kf6,Qge3,Kg6,Q1d2,Kh5,Qdd4,Kg6,Qee5,Kf7,Qdd6,Kg8,Qdf6,Kh7,Qg7#,0-1
d4,d5,Nc3,Nf6,Bf4,a6,e3,e6,g4,c5,g5,Nfd7,Nf3,Nc6,a3,Qb6,Rb1,Be7,Bg2,Qd8,O-O,b5,Ne2,c4,Ng3,Nf8,Nh5,Rg8,h4,Ng6,Re1,Nxf4,exf4,Kf8,c3,g6,Ng3,h5,Ne5,Nxe5,fxe5,Kg7,Bf3,Rh8,Kh2,Bd7,Rg1,Rb8,Kh3,a5,Bxh5,gxh5,Nxh5+,Kf8,Nf6,b4,axb4,axb4,Qf3,bxc3,bxc3,Ba4,Rxb8,Qxb8,g6,fxg6,Nd7+,Ke8,Nxb8,Rxh4+,Kg2,Bc2,Kf1,Bd3+,Ke1,Re4+,Kd2,Ba3,Nc6,Rh4,Nb4,Bf5,Qg3,Rg4,Qxg4,Bxg4,Rxg4,Kf7,Nc6,Kg7,Nb4,Kf7,f4,Kg7,Rg1,Kf7,Ra1,Bb2,Ra2,Bxc3+,Kxc3,g5,Ra6,Kg6,fxg5,Kf5,Rd6,Kxg5,Rxe6,Kf4,Rd6,Ke4,Rxd5,Ke3,Rc5,Ke2,Rxc4,Kd1,Rc6,Ke2,Rd6,Kd1,e6,Ke1,e7,Ke2,e8=Q+,Kd1,Qe5,Kc1,Rf6,Kb1,Rf1#,1-0
d4,d5,c4,e6,Nc3,c6,e4,dxe4,Nxe4,Bb4+,Bd2,Qxd4,Bxb4,Qxe4+,Be2,Nd7,Nf3,c5,Bc3,Ngf6,Qd6,b6,Ng5,Qg6,Bf3,Rb8,Bc6,Qxg5,Qxb8,O-O,Qg3,Qf5,O-O,Ne4,Qxg7#,1-0
d4,Nf6,c4,g6,Nf3,Bg7,Nc3,d5,Qb3,dxc4,Qxc4,Be6,Qb5+,Bd7,Qxb7,Nc6,Qb3,Rb8,Qd1,Bf5,a3,O-O,e3,e5,d5,Ne7,Bc4,e4,Nd4,Bg4,f3,exf3,gxf3,Bh3,e4,Nh5,Nde2,Bg2,Kf2,Bxh1,Qxh1,c6,Qd1,cxd5,exd5,Nf5,Ne4,Qb6+,Kg2,Ne3+,Bxe3,Qxe3,d6,Rxb2,d7,Rd8,Bxf7+,Kh8,Bc4,Nf4+,Kg3,Nxe2+,Bxe2,Rxe2,Qd5,Bxa1,Qe6,Qh6,Qa6,Qxh2+,Kg4,Qh5+,Kf4,Be5#,0-1
g3,g6,d4,Bg7,Nc3,d5,Nf3,Nf6,Bg2,O-O,O-O,c6,Bf4,a5,b3,Nbd7,Qd2,Ne4,Nxe4,dxe4,Ng5,Nf6,c3,Bf5,Be5,Re8,h3,h6,g4,Bc8,Bxf6,e3,fxe3,exf6,Ne4,Qe7,Kh1,a4,bxa4,f5,gxf5,Bxf5,Ng3,Be6,Qc2,h5,Rf2,Qd7,Raf1,Ra5,Rf4,Qe7,Ne4,Bf5,Qb2,Bh6,Rxf5,Rxf5,Rxf5,gxf5,Ng3,Qh4,Nf1,Qf2,Qxb7,Kg7,Qc7,Rxe3,Qxc6,Bf4,a5,Rxe2,Qf3,Qxf3,Bxf3,Rf2,Bg2,Rxa2,Bf3,h4,c4,Kf6,Kg1,Bc1,Kh1,Bb2,d5,Ba3,Ne3,Bc5,Nf1,Rxa5,Be2,Ra3,Kg2,Ra2,Kf3,Kg5,d6,Bxd6,Bd3,Bc5,Ne3,Ra3,Ke2,f4,Nc2,f3+,Kd2,Ra7,Ne3,Ra2+,Nc2,Kf4,Kc3,Ra7,Bf1,f2,Bg2,Kg3,Bf1,Re7,Kb3,Kf3,Ka4,Re1,Kb5,Rxf1,Kxc5,Rc1,Nd4+,Ke3,Nf5+,Kd3,Kd5,f1=Q,Nd4,Rxc4,Ke5,Rc5+,Kd6,Kxd4,Ke7,Qf5,Kf8,Rc8+,Ke7,Qe6#,0-1
d4,d5,Nf3,e6,c4,Nf6,g3,Bb4+,Bd2,a5,Bg2,dxc4,Qc2,O-O,Qxc4,Bxd2+,Nbxd2,b6,Rc1,Nd5,Ne5,Ra7,Qb3,Ba6,Ndc4,a4,Qc2,f6,Nf3,Nc6,O-O,Ndb4,Qb1,Nxd4,Nxd4,Qxd4,Rfd1,Qg4,Ne3,Qxe2,Qe4,Nd3,Rc2,Nc5,Rxc5,bxc5,Qxe6+,Kh8,Bf1,Qxb2,Bxa6,Qe5,Qc4,c6,Qxa4,Qc7,Qg4,f5,Qe2,f4,Nf1,Qe7,Qd3,Qf6,Rd2,h5,Bc4,Ra4,Qc2,Raa8,Re2,Qg5,Nd2,fxg3,hxg3,h4,Re3,Qf5,Ne4,Rad8,Qe2,Rd4,gxh4,Qg6+,Kf1,Qh6,Bb3,c4,Bc2,g5,Nxg5,Rxh4,Nf7+,Rxf7,Re8+,Rf8,Qe5+,Kg8,Qg3+,Kf7,Bg6+,Kg8,Bh5+,Qg7,Rxf8+,Kxf8,Qxh4,Qa1+,Kg2,Qg7+,Qg3,Qd4,Qf3+,Ke7,Qe3+,Qxe3,fxe3,c3,Bd1,Kd6,a3,c5,a4,Ke6,e4,Ke5,a5,Kd4,e5,Kd3,a6,Kd2,e6,Ke3,a7,Kd3,a8=Q,c2,Bxc2+,Kd2,e7,Kc1,e8=Q,Kb2,Qa1+,Kxa1,Qb8,Ka2,Qb3+,Ka1,Qb1#,1-0
d4,g6,e4,Bg7,Nf3,d6,c3,Nf6,Bd3,O-O,O-O,Nc6,Re1,e5,h3,h6,Na3,a6,Nc2,Nh5,Be3,Qf6,Bf1,Nf4,Nh2,g5,Bxf4,gxf4,d5,Ne7,Be2,Qg6,Bh5,Qh7,Bg4,f5,exf5,Nxf5,Qd3,Kh8,Bf3,Qg6,Be4,Bd7,Kh1,Qg5,Nf3,Qe7,Rg1,Nh4,Nce1,Bf6,Nh2,Rg8,Nef3,Rg7,Rae1,Rag8,Nxh4,Bxh4,Re2,h5,Bf5,Be8,Be6,Rf8,g3,fxg3,fxg3,Bg5,Nf3,Bh6,Nh4,Qg5,Kh2,Bg6,Nxg6+,Qxg6,Qxg6,Rxg6,h4,Rgf6,Kh3,Rf3,a4,a5,Rgg2,b6,Re4,R8f6,Kh2,Rf2,Re2,Rxg2+,Kxg2,Kg7,Bh3,Rf7,Re4,Rf6,Rc4,Rf7,b4,axb4,cxb4,Be3,a5,bxa5,bxa5,Rf2+,Kh1,Ra2,Ra4,Rxa4,Bd7,Rxa5,Be6,Rc5,Kg2,Rc2+,Kf3,Bb6,g4,Rc5,gxh5,Kh6,Kg4,Rc4+,Kf5,Rf4#,0-1
d4,Nf6,c4,e6,Nc3,Bb4,Qc2,O-O,a3,Bxc3+,Qxc3,b5,cxb5,c6,Bg5,cxb5,Nf3,Bb7,e3,a6,Bd3,Nc6,O-O,Rc8,Qd2,h6,Bh4,Ne7,Bxf6,gxf6,e4,Kg7,Rac1,Ng6,Qe3,d5,e5,f5,g3,Qd7,b4,Rc4,h4,Rfc8,h5,Ne7,Nh4,Qc7,Ra1,Rc3,Ng2,Rb3,Nf4,Qc3,Rfc1,Qb2,Rcb1,Qc3,Rxb3,Qxb3,Kh2,Qb2,Rg1,Rc4,Ne2,Qxa3,g4,f4,Nxf4,Rc3,g5,Nf5,gxh6+,Kxh6,Qd2,Kh7,h6,Qxb4,Rg7+,Kh8,Bxf5,Rh3+,Bxh3,Qxd2,Rxf7,Qxf2+,Kh1,Qe1+,Kh2,Qf2+,Kh1,Qg3,Bxe6,Qh4+,Kg2,Qxh6,Kf3,Qh1+,Kg4,Qd1+,Kf5,Qb1+,Kf6,Qh7,Ng6+,Qxg6+,Kxg6,Bc6,Rf8#,1-0
c4,e6,d4,Nf6,g3,d5,Nf3,dxc4,Bg2,Nc6,Qa4,Bb4+,Bd2,Bd6,Na3,Bxa3,Qxa3,b5,Ne5,Nxd4,O-O-O,Nd5,e4,f6,exd5,fxe5,Rhe1,Qf6,dxe6,Rb8,Qxa7,Rb6,Qxc7,O-O,Qxb6,Qxf2,e7,Nb3+,axb3,Qxb6,exf8=Q+,Kxf8,Bb4+,Kg8,Rd6,Qc7,Bd5+,Kh8,Rxe5,Bd7,Re7,Qa7,Rdxd7,Qa1+,Kc2,cxb3+,Kxb3,Qd1+,Ka2,Qa4+,Ba3,h6,Rxg7,Qc4+,Bxc4,bxc4,Rh7+,Kg8,Rdg7#,1-0
c4,Nf6,Nc3,e5,Nf3,Nc6,e4,Bb4,d3,d6,a3,Bc5,b4,Bb6,Be3,Bxe3,fxe3,Ne7,d4,Ng6,Bd3,O-O,O-O,a5,b5,c6,h3,Re8,Qd2,Bd7,Rac1,Rc8,d5,h6,Qe1,Rb8,Nd2,c5,Be2,b6,g4,Nh7,Qg3,Qh4,Qxh4,Nxh4,Rf2,Kf8,Nf1,Ke7,Ng3,g6,Nh1,h5,Kh2,hxg4,hxg4,Rh8,Kg3,g5,Rcf1,Be8,Kh2,Nf8,Kg1,Rh6,Ng3,Nh7,Nf5+,Nxf5,exf5,Nf6,Rh2,Rxh2,Kxh2,Kf8,Rg1,e4,Rh1,Kg7,Kg3,Bd7,Bf1,Re8,Bg2,Kg8,Na4,Rb8,Rh2,Kg7,Rh1,Kg8,Rh6,Kg7,Rh3,Re8,Rh1,Rb8,Nc3,Re8,Bf1,Rb8,Bg2,Re8,Bf1,Rc8,Rh3,Ra8,Bg2,Re8,Rh1,Kg8,Bf1,Kg7,Be2,Rd8,Bd1,Rb8,Na4,Rb7,Rh2,Rb8,Re2,Be8,Nc3,Bd7,Na4,Kg8,Nc3,Re8,Rh2,Kg7,Na4,Rb8,Bb3,Kg8,Bc2,Kg7,Nc3,Re8,Na4,Rb8,Nc3,Re8,Bd1,Rc8,Kg2,Re8,Na4,Rb8,Kg3,Be8,Rh1,Bd7,Nc3,Re8,Na4,Rb8,Bc2,Kg8,Bb1,Kg7,Bc2,Kg8,Rh3,Kg7,Nc3,Re8,Na4,Rb8,Rh2,Kg8,Nc3,Re8,a4,Kg7,Nd1,Re5,Nf2,Bc8,Nh3,Nh7,Nf2,Nf6,Nh3,Nh7,Rh1,Re8,Rf1,Bd7,Nf2,Nf6,Nh3,Nh7,Rh1,Bc8,Nf2,Nf6,Bd1,Bd7,Nh3,Nh7,Re1,Re5,Rf1,Re8,Nf2,Re5,Kg2,Re8,Rh1,Nf6,Kf1,Rg8,Nh3,Nh7,Nf2,Nf6,Nh3,Nh7,Ke1,Re8,Nf2,Nf6,Kd2,Bc8,Rh2,Bd7,Bc2,Bc8,Rh3,Re5,Bd1,Re7,Nh1,Bd7,Ng3,Bc8,Nh5+,Nxh5,Rxh5,f6,Bc2,Re8,Bb1,Re5,Bc2,Re8,Bb1,Rh8,Rxh8,Kxh8,Bxe4,Bd7,Ke1,Kg7,Bf3,Kf8,Kf2,Be8,Ke2,Bf7,Kd2,Bg8,Kc3,Ke7,Kb3,Kd7,Be2,Ke8,Kc3,Ke7,Bd3,Ke8,Bc2,Ke7,Kb3,Kd7,Kc3,Ke7,Bd3,Kd7,Kb3,Bf7,Bf1,Kd8,Bd3,Kd7,e4,Bg8,Kc3,Kd8,Bc2,Ke8,Bd3,Kd7,Kb3,Bf7,Kc2,Kc7,Kc3,Bg8,Bb1,Kd7,Bd3,Kd8,Be2,Ke8,Bf3,Kd7,Kb3,Bf7,Kc3,Bxd5,cxd5,Kc8,e5,Kd7,exd6,Kxd6,Kd3,Ke7,Ke4,Kd6,Be2,Kc7,d6+,Kxd6,Bd1,Ke7,Kd5,c4,Kc6,Kd8,Kxb6,Kd7,Kc5,Kc7,b6+,Kb8,Kc6,c3,b7,Ka7,Kc7,Ka6,Be2+,Ka7,b8=Q#,1-0
e4,c5,Nf3,Nc6,Bb5,e6,O-O,Nge7,d4,cxd4,Nxd4,Nxd4,Qxd4,a6,Be2,Nc6,Qc3,b5,Qg3,Bb7,Bf4,h5,a4,b4,Nd2,h4,Qg4,h3,Nc4,hxg2,Rfe1,Qh4,Rad1,Rc8,Nd6+,Bxd6,Bxd6,Qxg4,Bxg4,f6,Kxg2,Ne5,Bxe5,fxe5,Rd2,Rc4,Bf3,a5,Red1,Bc6,b3,Rc3,Re1,Ke7,Bd1,Rh4,f3,g5,Kg3,Rf4,Rde2,Kf6,Re3,Rxe3,Rxe3,d5,Be2,d4,Rd3,Rh4,Rd1,Be8,Rh1,Bh5,Bc4,Rf4,Be2,Kg6,h4,Kf6,hxg5+,Kxg5,Rg1,Rh4,Kf2+,Kf4,Rg8,Rh2+,Ke1,Ke3,Bf1,Bxf3,Rg3,Rd2,Bg2,Rd1#,0-1
e4,e6,d4,d5,Nd2,c5,exd5,exd5,Bb5+,Bd7,Bxd7+,Qxd7,Ne2,Nf6,O-O,Be7,b3,b6,Nf3,O-O,Bb2,Re8,dxc5,bxc5,Ne5,Qc7,Ng3,Bf8,Re1,Bd6,Nf3,Nbd7,Qd2,Bf4,Qd3,Ne5,Bxe5,Bxe5,Rad1,Bxg3,hxg3,Qa5,c4,d4,Qc2,g6,Kf1,Ng4,Qd2,Qxd2,Rxd2,a5,Rxe8+,Rxe8,Re2,Kf8,Rxe8+,Kxe8,Ke2,f6,Ne1,Kd7,Nd3,Kc6,Kf3,Ne5+,Nxe5+,fxe5,Ke4,a4,bxa4,Kb6,Kd3,Ka5,f4,exf4,gxf4,h5,Kd2,Kxa4,Kc1,Kb4,Kc2,Kxc4,Kd2,Kb4,Kd3,Ka3,Kc4,h4,Kd3,Kxa2,Kc4,Ka3,Kd3,Kb3,Ke4,c4,Kxd4,c3,Kd3,c2,Kd2,h3,gxh3,g5,fxg5,Kb2,g6,c1=Q+,Ke2,Kc3,g7,Qg1,g8=R,Qxg8,Kf2,Kd2,Kf3,Qc4,Kf2,Qf4+,Kg2,Ke1,h4,Qg4+,Kh1,Kf1,Kh2,Qg2#,0-1
e4,c5,Nf3,Nc6,d3,g6,h4,Nf6,Nc3,Bg7,h5,Nxh5,g4,Nf6,g5,Ng4,Bh3,d6,Bf4,Nge5,Nxe5,Nxe5,Bxc8,Qxc8,Be3,Qg4,f4,Qxd1+,Rxd1,Nc6,f5,Nd4,Kd2,Kd7,Rdf1,Be5,Rh3,Raf8,Bxd4,Bxd4,Rfh1,Rhg8,Ne2,Be5,Rxh7,gxf5,exf5,Rxg5,Rf1,Rg2,c3,Ke8,Ke3,Rfg8,d4,Bf6,Rf3,R8g4,Rh1,b5,dxc5,dxc5,Rd1,Bg5+,Kd3,c4+,Kc2,Rxe2+,Kb1,Rgg2,Rd5,Rxb2+,Ka1,Rxa2+,Kb1,Rgb2#,0-1
Nf3,Nf6,c4,g6,b4,Bg7,Bb2,O-O,g3,c6,Bg2,d5,cxd5,cxd5,O-O,Bg4,h3,Bxf3,Bxf3,e6,Qb3,Nbd7,d3,Ne8,Bxg7,Nxg7,Nd2,Rc8,Rfc1,Qf6,Bg2,h5,Nf3,Nf5,a4,Ne5,Nxe5,Qxe5,Qa2,h4,g4,Ne7,e3,d4,Qd2,b6,a5,f5,g5,f4,exf4,Rxf4,Rxc8+,Nxc8,Re1,Qf5,Qe2,Kf7,Rc1,Ne7,Rc7,Qxg5,Rxa7,bxa5,Rxa5,Qf6,Re5,Rf5,Rxf5,Qxf5,Qe4,Qxe4,Bxe4,Nc8,f4,Nb6,Kf2,Kf6,Kf3,g5,Kg4,gxf4,Kxf4,Nd7,Kg4,Nb6,Kxh4,Na4,Kg4,Nb6,h4,e5,h5,Nd7,h6,Nb6,h7,Kg7,Kg5,Nd7,b5,Nb6,Bg6,Na4,Kf5,Nb6,Kxe5,Na4,Kxd4,Kh8,Kd5,Nb6+,Kc6,Nc8,d4,Ne7+,Kc7,Nxg6,b6,Nf4,b7,Ne6+,Kc8,Nxd4,b8=Q,Kxh7,Qa7+,Kg6,Qxd4,Kf5,Qe3,Kg6,Kd7,Kf5,Kd6,Kg4,Qf2,Kg5,Qf3,Kg6,Qf4,Kh5,Qg3,Kh6,Qg4,Kh7,Qg5,Kh8,Ke7,Kh7,Kf7,Kh8,Qh5#,1-0
e3,d5,c4,e6,Nf3,Nf6,d4,c5,cxd5,exd5,Bb5+,Nc6,O-O,Bd6,dxc5,Bxc5,b3,O-O,Nc3,Bg4,Bb2,Rc8,Be2,a6,h3,Bf5,Bd3,Ne4,Rc1,Ba7,Bb1,Nxc3,Bxc3,Be4,Bxe4,dxe4,Ne5,Qe7,Nxc6,Rxc6,Bb2,Rg6,Qd5,Rg5,Ba3,Rxd5,Bxe7,Rb8,Rcd1,Rxd1,Rxd1,b5,Rc1,f6,Rc6,Rb6,Rc8+,Kf7,Bb4,Rb7,Ra8,Rc7,g4,Rd7,Kg2,Ke6,Kg3,g5,h4,gxh4+,Kxh4,Rf7,Re8+,Kd5,Rd8+,Ke5,Bc3+,Ke6,Re8+,Kd5,Kg3,Bc5,Kf4,Be7,Ra8,b4,Bd4,Rg7,Rxa6,Bd6+,Kf5,Rg5+,Kxf6,Rxg4,Ra5+,Kc6,Ke6,Rg6+,Kf5,Rg2,Kxe4,Rxf2,Ra6+,Kd7,Kd5,Rf5+,Kc4,h5,e4,Rg5,e5,Bxe5,Bxe5,Rxe5,Kxb4,Re6,Ra7+,Kc6,Rh7,Re4+,Ka5,Re5+,Ka4,Kc5,b4+,Kc4,Rc7+,Kd5,b5,Re8,b6,Re2,a3,h4,Ka5,h3,Rh7,h2,a4,Kc5,Rh5+,Kc4,b7,Rb2,Ka6,Rxb7,Kxb7,Kb4,a5,h1=Q+,Rxh1,Kxa5,Rb1,Ka4,Kc6,Ka5,Rb2,Ka4,Kc5,Ka3,Rb8,Ka4,Rb7,Ka3,Kc4,Ka2,Kc3,Ka1,Kc2,Ka2,Ra7#,1-0
e4,c5,Nf3,d6,d4,cxd4,Nxd4,Nf6,Nc3,a6,Be3,e6,g4,b5,g5,Nfd7,a3,Bb7,Rg1,Nc6,Nxc6,Bxc6,Qh5,g6,Qe2,Bg7,Qd2,Nc5,f3,Qc7,Bd4,Bxd4,Qxd4,e5,Qd2,Ne6,O-O-O,h6,gxh6,Rd8,h4,Qe7,h5,g5,Bh3,Nf4,Bg4,Rxh6,Ne2,Qf6,Ng3,Bd7,Bxd7+,Rxd7,Qb4,Nxh5,Nf5,Rg6,Rh1,Nf4,Kb1,Kf8,Qc3,Qd8,Qc6,d5,Rh8+,Rg8,Qh6+,Ke8,Rxg8#,1-0
Nf3,Nc6,d4,d5,Bf4,e6,e3,Bd6,Bg3,h5,Nbd2,h4,Bxd6,Qxd6,a3,f5,Bb5,Nge7,Ng5,a6,Be2,e5,c3,e4,f4,Nd8,c4,c6,Rc1,Ne6,Nh3,b5,cxd5,Nxd5,Nf1,Bd7,Bh5+,Ke7,g3,g5,fxg5,hxg3,hxg3,Rag8,g6,Nxe3,Nxe3,Qxg3+,Kd2,f4,Nf5+,Kf6,Nxg3,fxg3,Rf1+,Ke7,Qg4,Kd8,Rf7,Rg7,Rxc6,Rxf7,gxf7,Nxd4,Qg5#,1-0
e4,c6,d4,d5,Nd2,dxe4,Nxe4,Nf6,Nxf6+,exf6,Nf3,Bd6,Bd3,O-O,O-O,Bg4,h3,Bh5,Be2,Nd7,Be3,Re8,Re1,Qc7,Nd2,Bg6,Bf3,Re7,Nf1,Rae8,Qd2,c5,c3,cxd4,Bxd4,Nb6,Bxb6,Qxb6,Rxe7,Rxe7,Rd1,Bc7,b3,h6,c4,Be5,Qd8+,Qxd8,Rxd8+,Kh7,Ne3,Bb1,Nd5,Re6,g3,Bxa2,Be4+,g6,Bc2,Bd4,Kf1,Kg7,Rd7,b5,Nf4,Rc6,Rxd4,bxc4,Rxc4,Rxc4,bxc4,Bxc4+,Bd3,Bxd3+,Nxd3,Kf8,Ke2,Ke7,Ke3,Kd6,Kd4,a5,Nc5,f5,Nb7+,Ke6,Nxa5,Kf6,Nc4,Kg5,Ke3,h5,h4+,Kf6,Kf4,Kg7,Nd6,Kf8,Ke5,Ke7,Nc4,f6+,Kd4,Ke6,Nb2,Kd6,Nd3,Ke6,Nf4+,Kf7,Kd5,g5,Ne6,f4,Nd4,fxg3,fxg3,Kg6,Ke4,Kg7,Kf5,gxh4,gxh4,Kf7,Ne6,Ke7,Nf4,Kf7,Nxh5,Ke7,Nxf6,Kf7,h5,Kg7,Kg5,Kh8,Ng4,Kg7,Ne3,Kh7,Nf5,Kh8,Kg6,Kg8,h6,Kh8,Nd6,Kg8,h7+,Kf8,Nf7,Ke7,h8=Q,Ke6,Qe5+,Kd7,Qd6+,Kc8,Qe7,Kb8,Nd6,Ka8,Qb7#,1-0
d4,Nf6,c4,g6,Nc3,d5,Nf3,Bg7,Qb3,dxc4,Qxc4,O-O,e4,Bg4,Be2,Nfd7,Be3,Nb6,Qb3,Nc6,d5,Ne5,Nxe5,Bxe2,Nxf7,Rxf7,Nxe2,Qd6,O-O,a5,Rac1,a4,Qc2,a3,bxa3,Qxa3,Qxc7,Na4,Qxb7,Raf8,Nd4,Nc3,Ne6,Ne2+,Kh1,Nxc1,Nxf8,Qxe3,Ne6,Nd3,Qb8+,Bf8,Qg3,Nxf2+,Kg1,Nh3+,Kh1,Rxf1#,0-1
c4,e5,Nc3,Bb4,g3,Nc6,Nd5,a5,Bg2,Nge7,e3,O-O,Ne2,Nxd5,cxd5,Ne7,a3,Bc5,O-O,d6,d4,Bb6,dxe5,dxe5,Nc3,Bd7,d6,cxd6,Qxd6,Nc6,Qd5,h6,Qb3,Re8,Rd1,a4,Qc2,Rc8,Bd2,Na5,Be1,Nb3,Rab1,Bd4,Bxb7,Rc7,Be4,Qc8,exd4,exd4,f3,Bh3,Qf2,dxc3,Bxc3,Bf5,Bxf5,Qxf5,Re1,Rce7,Rxe7,Rxe7,Rd1,Re8,g4,Qc8,Qf1,Qb7,Kg2,Qc6,Qd3,Qc5,h4,h5,g5,Re3,Qa6,Re8,g6,Qf5,Qc6,Qxg6+,Qxg6,fxg6,Rd7,Re2+,Kg3,Nc1,Rxg7+,Kf8,Rxg6,Rc2,Kh3,Kf7,Rg5,Nd3,Kg3,Nc1,Be5,Ne2+,Kh3,Rc5,f4,Rc4,Rxh5,Nxf4+,Bxf4,Rxf4,Rb5,Rd4,Rb4,Rd2,Rxa4,Rxb2,h5,Kf6,h6,Kg6,Rh4,Rb3+,Kg2,Kh7,a4,Ra3,Kf2,Rd3,a5,Ra3,Rh5,Rd3,Ke1,Rd8,a6,Ra8,Ra5,Kxh6,a7,Kg6,Ke2,Kf6,Kd3,Ke6,Kc4,Kd6,Kb5,Kc7,Ka6,Kc6,Rf5,Rg8,Rb5,Ra8,Rb8,Rxa7+,Kxa7,Kd6,Rb5,Kc6,Ka6,Kd7,Rb6,Kc7,Ka7,Kd7,Kb8,Ke7,Kc8,Kf8,Kd8,Kf7,Ra6,Kf8,Ra7,Kg8,Ke8,Kh8,Kf7,Kh7,Ra6,Kh8,Rh6#,1-0
d4,d5,Nf3,Bg4,Ne5,Bh5,c4,f6,g4,fxe5,gxh5,dxc4,d5,c6,Bg2,Nf6,Nc3,e6,dxe6,Qxd1+,Kxd1,Bb4,h6,gxh6,Bxh6,Rg8,Bh3,Ke7,Kc2,Na6,Rag1,Nc5,Bg5,Bxc3,bxc3,Nxe6,Bc1,Nf4,Bf1,b5,e3,N4d5,Ba3+,Kf7,Bg2,a5,Bc5,Ng4,e4,Nf4,Bf3,Nf6,Rxg8,Rxg8,Rd1,Ne6,Be3,Rd8,Rg1,Nf4,Rg5,Ke6,Bb6,Rd3,Be3,h6,Rg7,Rd7,Rg1,Nd3,Be2,b4,cxb4,Nxb4+,Kc3,Nxe4+,Kxc4,Nd2+,Kc5,Ne4+,Kb6,Nd5+,Kxc6,Rd6+,Kb7,Nxe3,fxe3,Rd2,Bc4+,Kf6,h4,Nd6+,Kc6,Nxc4,h5,Nxe3,Rg6+,Kf5,Rxh6,Ng4,Rh8,Rh2,Kd5,Rd2+,Kc4,e4,h6,Rh2,Rf8+,Nf6,Ra8,Rxh6,Rxa5+,Kf4,Ra6,e3,Kd3,Kf3,Re6,Ng4,Re8,Rd6+,Kc2,e2,a4,Ne3+,Kc3,e1=Q+,Kb3,Rb6+,Ka3,Qa1#,0-1
d4,Nf6,Nf3,d6,c4,e5,Nc3,e4,Ng5,Bf5,Qb3,Nc6,e3,Rb8,g4,Nxg4,Ngxe4,Qh4,Bg2,Be7,h3,Nf6,Nxf6+,Bxf6,Bxc6+,Kf8,Bg2,Re8,Nd5,Bxd4,Nxc7,Re7,Nd5,Re8,Bd2,g6,O-O-O,Qxf2,exd4,Qxg2,Bh6+,Kg8,Nf6#,1-0
e4,d5,exd5,c6,d4,cxd5,c4,Nf6,Nc3,a6,Nf3,g6,h4,h5,Bg5,dxc4,Bxc4,b5,Bb3,Bg7,O-O,O-O,Ne5,e6,Qf3,Ra7,Ne4,Qxd4,Nxf6+,Kh8,Rfe1,Bb7,Qe3,Qxe3,Rxe3,Nc6,Nxc6,Bxc6,Rc1,Ba8,Rec3,a5,Rc7,Rxc7,Rxc7,a4,Bc2,Bd5,Nxd5,exd5,b3,Kg8,bxa4,bxa4,Bxa4,d4,Bb3,d3,Rd7,Rc8,Rxd3,Kf8,g3,f6,Bf4,Ke7,Kf1,g5,hxg5,fxg5,Bxg5+,Bf6,Bxf6+,Kxf6,Ke2,Kg5,Rd5+,Kg4,Rd4+,Kg5,a4,Rc3,Bd1,Ra3,Rd5+,Kg4,Kf1+,Kh3,Rxh5#,1-0
e4,e5,Nf3,Nc6,Bc4,Bc5,c3,Nf6,d3,a6,a4,Ba7,Nbd2,O-O,O-O,d6,Re1,Ng4,Re2,Kh8,h3,Nh6,g4,Nxg4,hxg4,Bxg4,Kg2,f5,Re1,fxe4,dxe4,Qf6,Rh1,Ne7,Be2,Ng6,Nf1,Bxf3+,Bxf3,Nh4+,Rxh4,Qxh4,Ng3,Rf7,Qe2,Raf8,Nf5,Qf6,Bg4,g6,Nh6,Qxf2+,Qxf2,Rxf2+,Kg3,Rf1,Be6,Kg7,Ng4,Rg1+,Kh4,Rff1,Bh6+,Kh8,Rxf1,Rxf1,Kg5,Rf4,Nf6,Be3,Nd5,Rxe4+,Nxe3,Rxe3,Kf6,Rf3+,Ke7,e4,Bd5,Rf2,Be3,Re2,Bd4#,1-0
c4,e6,g3,d6,Bg2,c5,Nc3,Nc6,e4,Nf6,Nge2,Be7,d3,O-O,O-O,b6,h3,Bb7,Be3,Qc7,Rc1,Rac8,d4,cxd4,Nxd4,Nxd4,Qxd4,Rfd8,b3,Qb8,Rfd1,Nd7,Qd2,a6,Qe2,Nc5,Bd4,e5,Be3,Ne6,Nd5,Bxd5,exd5,Nc5,h4,a5,Rb1,Re8,h5,Rcd8,a3,Qc7,b4,axb4,axb4,Nd7,Rbc1,Nf6,h6,g6,Rc2,Rc8,Bh3,Ra8,Rdc1,Bf8,c5,dxc5,bxc5,bxc5,Bxc5,Bxc5,Rxc5,Qd6,Rc6,Qd8,Rc8,Rxc8,Rxc8,Qxd5,Bg2,Qe6,Rc6,Qe7,Qb5,Ng4,Rc7,Qf8,Qc4,Nxh6,Bd5,Kg7,Qc6,Rd8,Qb7,Rd6,Re7,Rxd5,Qxd5,Qxe7,Qd2,Qf6,Qe2,Qf5,f3,f6,Kg2,Nf7,Qc4,Ng5,Qc7+,Kh6,Qc3,Qxf3+,Qxf3,Nxf3,Kxf3,Kg5,Kf2,f5,Kg2,f4,Kf2,fxg3+,Kxg3,e4,Kf2,h5,Ke3,h4,Kxe4,h3,Kf3,Kh4,Kf2,g5,Kg1,Kg3,Kh1,g4,Kg1,h2+,Kh1,Kf2,Kxh2,g3+,Kh1,g2+,Kh2,g1=Q+,Kh3,Qg5,Kh2,Qg3+,Kh1,Qg2#,0-1
e4,e5,Nf3,Nc6,Bb5,a6,Ba4,Nf6,O-O,Be7,d3,b5,Bb3,d6,a4,Bd7,Nc3,Na5,Ba2,b4,Nd5,Nxd5,Bxd5,c6,Ba2,c5,Nd2,O-O,Bd5,Bc6,Bxc6,Nxc6,Nc4,f5,exf5,d5,Ne3,Qd7,Qg4,Nd4,c4,dxc4,dxc4,Rae8,Rd1,h6,h4,Bd8,g3,e4,Kg2,Qc8,Rb1,Bf6,b3,Be5,Qxe4,Nxf5,Qd5+,Kh8,Qd7,Qb8,Rd5,Re7,Qc6,Rf6,Qxc5,Bd6,Rxd6,Nxd6,f3,Ref7,Qe5,Rxf3,Rb2,Qf8,Rd2,Re7,Qxd6,Rfxe3,Rf2,Qa8+,Qd5,Qxd5+,cxd5,Rd3,Bd2,Rxb3,d6,Re8,d7,Rd8,Rf4,Rb2,Rd4,b3,Kf3,Rc2,Bf4,b2,Rd1,Rxd7,Rb1,Re7,h5,Kh7,a5,Rb7,Ke4,Rb3,Be3,Re2,Kd4,Rexe3,Rxb2,Red3+,Ke4,Rxb2,Kxd3,Rb5,g4,Rb4,Ke2,Rxg4,Ke1,Rg5,Kd2,Rxh5,Kd3,Rg5,Ke3,h5,Kd3,h4,Ke2,h3,Kf3,h2,Kf4,Kg6,Ke3,h1=Q,Kd3,Rg3+,Kd4,Qc1,Ke4,Qc5,Kf4,Qe3#,0-1
c4,e6,Nf3,d5,e3,Nf6,Nc3,dxc4,Bxc4,a6,d4,b5,Bb3,Bb7,O-O,Nbd7,e4,b4,e5,bxc3,exf6,Qxf6,bxc3,Bd6,Rb1,Bxf3,Qxf3,Qxf3,gxf3,Rb8,Be3,Ke7,c4,c5,Rfd1,cxd4,Rxd4,Nc5,Rbd1,Be5,R4d2,Nxb3,axb3,Rxb3,Bg5+,f6,Rd7+,Ke8,Be3,Rf8,Bc5,Rb8,Re7#,1-0
Nf3,d5,c4,c6,e3,Nf6,Qc2,e6,b3,Nbd7,Bb2,Bd6,Nc3,O-O,Ng5,e5,cxd5,cxd5,Nxd5,h6,h4,g6,Ne6,fxe6,Qxg6+,Kh8,Qxh6+,Nh7,Nf4,Rf6,Ng6+,Kg8,Rh3,Ndf8,Rg3,Nxg6,Rxg6+,Rxg6,Qxg6+,Kh8,Bd3,Qe7,f4,Bd7,g4,Qxh4+,Kd1,Rg8,Qxh7+,Qxh7,Bxh7,Kxh7,fxe5,Be7,Ke2,Bb5+,Kf3,Rf8+,Kg3,Bb4,Rh1+,Kg7,d4,Bc6,Rc1,Rf3+,Kh4,Rxe3,Rf1,Be7+,g5,Re2,Bc1,Rxa2,Kh5,Be8+,Kg4,Ra1,d5,exd5,e6,Ra2,Bf4,Re2,Rc1,Rxe6,Rc7,Kf8,Rxb7,a5,Ra7,Bb4,Kf5,Re7,Ra8,Rd7,g6,d4,Bh6+,Ke7,Bg5+,Kd6,Bf6,d3,g7,d2,g8=Q,d1=Q,Be5+,Kc6,Qc4+,Kb7,Qc8+,Kb6,Rb8+,Ka7,Ra8+,Kb6,Ra6+,Kb5,Qc4#,1-0
Nc3,d5,Nf3,d4,Ne4,Nf6,Nxf6+,exf6,b3,Bc5,e3,O-O,exd4,Bxd4,c3,Bb6,d4,c5,Be2,cxd4,Nxd4,Qc7,Nb5,Qe5,Qd6,Qe4,Qg3,Rd8,Be3,Qc2,Bc4,Bxe3,Qxe3,Nc6,O-O,Bg4,f3,Bf5,Rf2,Rd1+,Qe1,Rxe1+,Rxe1,Qxf2+,Kxf2,Ne5,Be2,Rd8,Rd1,Rxd1,Bxd1,Bb1,Nxa7,Bxa2,Bc2,h5,Nb5,Nd7,Nd4,Nc5,Ke2,g6,Kd2,Kf8,Kc1,Ke7,Kb2,Bxb3,Bxb3,h4,Kc2,Nxb3,Kxb3,Kd6,Kc4,Ke5,Kd3,b6,Ne2,Kd5,f4,Kc5,Nd4,b5,Nf3,h3,gxh3,Kd6,h4,Kc5,h5,gxh5,h4,b4,cxb4+,Kxb4,Ke4,Kc3,Nd4,Kc4,Ne2,Kc5,Kf5,Kd6,Kxf6,Kd5,Kxf7,Ke4,Kg6,Kf3,Kxh5,Kxe2,Kg6,Kf3,f5,Kg3,f6,Kxh4,Kf5,Kg3,Ke4,Kf2,f7,Kg2,f8=Q,Kg3,Qf3+,Kh2,Qg4,Kh1,Kf3,Kh2,Qg2#,1-0
e4,c5,Nf3,d6,d4,cxd4,Nxd4,Nf6,Nc3,Nc6,Bg5,e6,Qd2,a6,O-O-O,Bd7,f4,Be7,Nf3,b5,Bxf6,Bxf6,Qxd6,Ra7,e5,Be7,Qd2,Qa5,Kb1,Bb4,a3,Bxc3,Qxc3,Qxc3,bxc3,Ne7,c4,O-O,Bd3,Rc8,cxb5,Nd5,Kb2,Nxf4,bxa6,Nxg2,Nd4,Nf4,Bb5,Bxb5,Nxb5,Rxa6,Rd6,Ra5,a4,Rxa4,Rhd1,g5,Rd8+,Rxd8,Rxd8+,Kg7,Nd6,Ng6,Kb3,Rh4,Ne8+,Kh6,Nf6,Nxe5,Rg8,Rxh2,c4,Rf2,Ne4,Rf3+,Kb4,Ng6,c5,Rf4,c6,Rxe4+,Kc3,Re1,Kd2,Re5,c7,Rc5,c8=Q,Rxc8,Rxc8,Kg7,Ke2,h5,Ra8,g4,Kf2,f5,Kg3,Kf6,Kg2,Kg5,Ra6,h4,Ra4,h3+,Kh1,g3,Ra3,f4,Ra4,e5,Ra3,Kg4,Ra4,Nh4,Ra8,g2+,Kh2,Nf3#,0-1
Nf3,d5,g3,Nf6,Bg2,c5,O-O,Nc6,d3,g6,h3,Bg7,c3,O-O,Nbd2,b6,Re1,Bb7,Qc2,d4,Rb1,Rc8,Ne5,Qc7,Nxc6,Bxc6,Nf3,e5,a3,e4,Nh2,Qb7,dxe4,Nxe4,c4,Rfe8,Nf3,f5,h4,Qd7,Bf4,Re7,Rbd1,Rd8,Ng5,h6,Nxe4,fxe4,Qc1,Kh7,Kh2,Qg4,Bh3,Qh5,b4,Be5,Bxe5,Qxe5,Qb2,Rf8,Kg1,e3,f4,Qe4,Kh2,Rxf4,Rf1,Rf2+,Rxf2,exf2,bxc5,bxc5,Qb8,Qxe2,Rf1,d3,Qd6,Bf3,Qxc5,d2,a4,d1=Q,Rxd1,f1=Q+,Bg2,Qfxg2#,0-1
e4,d6,d4,g6,Nc3,Bg7,Be3,c6,Qd2,Nf6,Bh6,Bxh6,Qxh6,e5,dxe5,dxe5,Nf3,Nbd7,h3,Qe7,Bd3,Ng8,Qe3,Ngf6,O-O,O-O,Qh6,Re8,Rfd1,a5,a3,Nc5,Ng5,Qf8,Qxf8+,Kxf8,b4,Ne6,Nxe6+,Bxe6,Na4,axb4,axb4,Nd7,Nb2,Ke7,f3,b5,c4,c5,cxb5,cxb4,Ra6,Rec8,Rda1,Rab8,Na4,Nc5,Nxc5,Rxc5,Rb1,Rc3,Ra7+,Kd6,Ra6+,Kc7,Be2,b3,Ra7+,Kb6,Ra6+,Kc5,Rc6+,Kb4,Rd6,Bc4,Bxc4,Rxc4,Kh2,Rb7,Rd3,Rc3,Rd6,Kxb5,Kg3,Ka4,Rd2,Rc4,Rdb2,Ka3,Kh2,Rbb4,Rd2,b2,Rd5,f6,Rdd1,Ka2,Rf1,Rc2,Rfd1,Rd4,Rg1,Rdc4,Rgd1,Rd2,Rg1,Rc3,Kg3,Re2,Rgf1,Rcc2,Kh4,Rxg2,Rbd1,Rgd2,Rde1,Rf2,Rxf2,Rxf2,Kg3,Rc2,h4,h5,Kh3,b1=Q,Rxb1,Kxb1,Kg3,Kc1,f4,Kd1,Kf3,Ke1,f5,Rc3+,Kg2,gxf5,Kg1,Rg3+,Kh1,Kf2,Kh2,fxe4,Kh1,Rh3#,0-1
Nc3,d5,Nf3,Bf5,d3,Nf6,g3,d4,e4,Bg4,Nb1,Nc6,h3,Bh5,Be2,e5,Nbd2,a5,O-O,a4,c3,Bc5,g4,Bg6,b4,axb3,Nxb3,Bd6,cxd4,h5,Nxe5,Nxe5,dxe5,Bxe5,d4,Nxe4,dxe5,Qh4,Kg2,hxg4,Bxg4,c5,Qd7+,Kf8,Nd2,Nxd2,Qxd2,Re8,Re1,c4,e6,fxe6,Bb2,Kg8,Qd4,Qh6,Rxe6,Rxe6,Bxe6+,Kh7,Re1,Rf8,Bc1,Qh5,Re5,Qf3+,Kg1,Kh8,Bb2,c3,Bxc3,Qf6,Qc5,Qf3,Bg4,Qf4,Rh5+,Bxh5,Qxh5+,Kg8,Be6+,Rf7,Bxf7+,Qxf7,Qxf7+,Kxf7,Bxg7,Kxg7,a3,b5,h4,Kf6,f4,Kf5,h5,Kf6,f5,Kxf5,Kf2,Kg5,Ke3,Kxh5,Kd4,Kg4,Kc5,Kf5,Kxb5,Ke5,Kc6,Kd4,a4,Kc4,a5,Kb4,a6,Ka5,a7,Kb4,a8=Q,Kc3,Kc5,Kb3,Qg2,Kc3,Qe2,Kb3,Qd2,Ka3,Kc4,Ka4,Qb4#,1-0
e4,c5,Nf3,e6,d4,d5,Nc3,Nf6,e5,Nfd7,dxc5,Bxc5,Bd3,Nc6,Bf4,a6,h4,b5,h5,h6,Rh3,Qb6,Qe2,Nb4,Rg3,Nxd3+,cxd3,Kf8,Nd2,Bb7,Nb3,Bb4,d4,Rc8,Qg4,Ke7,Qxg7,Rcg8,Qxg8,Rxg8,Rxg8,a5,Bxh6,a4,Bg5+,f6,exf6+,Kf7,Rg7+,Ke8,h6,Nf8,Nc5,Bxc5,dxc5,Qxc5,Rxb7,d4,f7#,1-0
d4,Nf6,c4,e6,Nf3,d5,Nc3,c6,Bg5,Nbd7,e3,Qa5,cxd5,Nxd5,Rc1,Nxc3,bxc3,Ba3,Rc2,O-O,Bd3,b6,O-O,Ba6,c4,Rfe8,Bf4,Bf8,Ng5,Nf6,e4,h6,Nxf7,Kxf7,e5,Be7,exf6,Bxf6,Qf3,b5,Qh5+,Kg8,cxb5,Bxb5,Rxc6,a6,Rc7,Qa3,Qf7+,Kh8,Bxh6,Qf8,Bxg7+,Bxg7,Qh5+,Bh6,Rh7+,Kg8,Rxh6,Bxd3,Rh8+,Kg7,Qh6+,Kf7,Rxf8+,Rxf8,Re1,Bf5,d5,Rae8,d6,Rd8,Qh5+,Kf6,Qh6+,Kf7,Qf4,Rg8,Rc1,Rg4,Rc7+,Kg6,Qe5,Re4,Qg7+,Kh5,f3,Re2,g4+,Kh4,Qh6#,1-0
c4,Nf6,Nc3,e5,Nf3,Nc6,e4,Bb4,d3,d6,a3,Bc5,b4,Bb6,Be3,Nd4,Bxd4,exd4,Ne2,Bg4,Nd2,O-O,h3,Bd7,g3,a5,Bg2,axb4,axb4,Re8,O-O,c5,Qb3,Rb8,Nf3,Bc7,b5,h6,Rfb1,Bb6,Qb2,Nh7,Nf4,Nf6,h4,Ba5,Qc1,Ra8,Rb3,Bc3,Rxa8,Qxa8,Ra3,Qb8,Bh3,Bxh3,Nxh3,Qc7,Nf4,Qd8,h5,Qd7,Kg2,Qg4,Qh1,Qd7,Qh3,Qe7,Ra2,Kh8,Qf5,b6,Ra6,Ba5,Nd5,Nxd5,Qxd5,g6,Nh4,Kh7,f4,Qd7,hxg6+,fxg6,f5,gxf5,Nxf5,Rf8,Nxd6,Qg4,Ra7+,Kg6,Rf7,Rxf7,Qxf7+,Kg5,Qg7+,Kh5,Qxg4+,Kxg4,e5,Kg5,Kf3,Be1,g4,Kg6,Ke4,Bh4,e6,Be7,Nc8,Kf6,Nxe7,Kxe7,Ke5,Ke8,Kf6,Kd8,e7+,Kd7,Kf7,Kc7,e8=Q,Kb7,Qe7+,Kb8,Ke6,Ka8,Kd6,h5,Kc6,hxg4,Qb7#,1-0
e4,d5,exd5,Qxd5,Nc3,Qa5,Bc4,Nf6,Nf3,Bg4,h3,Bh5,g4,Bg6,Qe2,Nc6,d3,O-O-O,Bd2,e5,a3,Nd4,Nxd4,exd4,Nd5,Qc5,Nxf6,gxf6,O-O-O,Bd6,Qf3,f5,Bb4,Qe5,Bxd6,Rxd6,Rhe1,Qf6,Qg3,fxg4,hxg4,a6,f4,h6,f5,Bh7,Rh1,Rg8,Qf4,Rg5,Rh4,h5,Rdh1,Bg6,Kb1,hxg4,Rh8+,Kd7,Qe4,Bxf5,Qe8#,1-0
e4,c5,Nf3,e6,d4,cxd4,Nxd4,Nc6,Nc3,Qc7,Be3,a6,Qd2,Nf6,O-O-O,Bb4,f3,Ne5,Nb3,b5,Qe1,Be7,f4,Ng6,e5,Ng4,Ne4,Nxe3,Qxe3,O-O,h4,Bb7,h5,Rac8,Bd3,Nxe5,fxe5,Qxe5,Nbd2,f5,Nf3,Qc7,Ned2,Bd6,Kb1,Bf4,Qa7,e5,Ne1,Ra8,Qg1,e4,Be2,Be5,h6,g6,c3,f4,Qf1,Rae8,Nc2,Re7,Rh3,Kh8,Bg4,Ba8,Nb3,Ref7,a3,d6,Nbd4,Rf6,Nb4,Qf7,Nbc6,e3,Rh1,g5,Qe2,Qc4,Qxc4,bxc4,Rdg1,a5,a4,Rg6,Kc1,Bf6,Rh5,Rf7,Bf3,Rc7,Nxa5,Bxf3,gxf3,Ra7,Nac6,Rxa4,Kc2,Ra8,Rhh1,Rc8,Rg2,Kg8,Ra1,d5,Nb4,Rd8,Nf5,Kf8,Rgg1,Kf7,Nc6,Rd7,Ra6,Ke8,Kd1,Bd8,Rg2,Bf6,Ke2,Bd8,Ke1,Rc7,Ng7+,Kf8,Nxd8,Rxa6,Nge6+,Ke7,Nxc7,Ra1+,Ke2,Kxd8,Nxd5,Rh1,Nb6,Rxh6,Nxc4,Rh5,Kd3,h6,Rg1,Rh2,b4,Rf2,Ne5,Rd2+,Ke4,Kc7,Nf7,Rh2,Rb1,Kc6,c4,Rc2,b5+,Kb7,Ne5,h5,Kf5,h4,Kxg5,Rg2+,Kxh4,Rg8,c5,Re8,c6+,Kb6,Nd7+,Kc7,Rc1,e2,b6+,Kd6,b7,Kc7,b8=Q+,Rxb8,Nxb8,Kxb8,c7+,Ka7,c8=Q,Kb6,Qa6+,Kxa6,Re1,Ka5,Rxe2,Kb4,Re4+,Kc3,Rxf4,Kd3,Rc4,Kxc4,f4,Kd5,f5,Kd6,Kh5,Ke7,Kg6,Kf8,Kf6,Kg8,Ke7,Kh8,f6,Kg8,f7+,Kg7,f8=Q+,Kh7,Ke6,Kg6,Qg8+,Kh5,Kf5,Kh6,Qh8#,1-0
d4,d5,c4,c6,Nc3,Nf6,cxd5,cxd5,Bf4,Nc6,e3,a6,Bd3,e6,Rc1,Be7,Nf3,O-O,Ne5,Nxe5,Bxe5,Bd7,O-O,Rc8,Qb3,b5,a4,b4,Ne2,Qb6,a5,Qxa5,Ra1,Qd8,Rxa6,Ra8,Rfa1,Rxa6,Rxa6,Qc8,h3,Qb7,Nf4,Ra8,Qa2,Rxa6,Qxa6,Qxa6,Bxa6,Ne8,Nd3,f6,Bg3,Kf7,Nc5,Bc6,Bc8,Bxc5,dxc5,e5,Kf1,Nc7,Ke2,Bb5+,Kd2,Ba6,Bd7,Ke7,Ba4,Ne6,c6,Kd6,f4,exf4,exf4,f5,Ke3,d4+,Kf3,Nc5,Bd1,Kxc6,Be1,b3,g4,g6,gxf5,gxf5,Bh4,Kd5,Bf6,Bc4,Kg3,Nd3,Kh4,Nxb2,Bf3+,Kc5,Kg5,Be6,Be7+,Kc4,Kf6,Bd5,Kxf5,Bxf3,Ke5,d3,f5,d2,f6,d1=Q,f7,Qd5+,Kf6,Qxf7+,Kxf7,Be4,Bf6,Nd3,h4,Bg6+,Kg7,Nc5,Kh6,Ne6,h5,Nd4,Bxd4,Kxd4,hxg6,hxg6,Kxg6,b2,Kf5,b1=Q+,Ke6,Qb5,Kd6,Qc5+,Kd7,Qd5+,Kc7,Qe6,Kb7,Kc5,Ka8,Qd7,Kb8,Kb6,Ka8,Qd8#,0-1
d4,Nf6,Nf3,c5,g3,cxd4,Nxd4,Nc6,Bg2,g6,O-O,Bg7,c4,O-O,Nc3,d6,Bg5,Qa5,Bxf6,Bxf6,Nxc6,bxc6,Bxc6,Bh3,Bxa8,Bxf1,Bf3,Bh3,Nd5,Bg5,b4,Qd8,Nf4,Bd7,Qb3,Bf6,Rc1,Bg7,c5,dxc5,Rxc5,e5,Nd3,Be6,Bd5,Bf5,e4,Bh3,Qc4,Qf6,Ne1,Bh6,Qd3,Rb8,a3,Bf8,Rc6,Qg5,Nf3,Qh5,Nh4,a5,b5,Rxb5,Ng2,Rb2,Rc7,Bd6,Rxf7,Kh8,Ne3,Qf3,Rxf3,Bc5,Nf1,Rb8,a4,Bd4,Bc6,Rc8,Bb5,Rc1,Qa3,Rc8,Qe7,Bxf1,Qf6+,Kg8,Kxf1,Rc1+,Kg2,Rc8,Qf7+,Kh8,Qf6+,Kg8,Qe6+,Kh8,Qxc8+,Kg7,Qf8#,1-0
d4,d5,Nf3,Nf6,c4,c6,Nc3,e6,Bg5,h6,Bh4,dxc4,e4,g5,Bg3,b5,Ne5,Bb7,h4,g4,Be2,Nbd7,Nxd7,Qxd7,Be5,Qe7,b3,Rg8,bxc4,b4,Na4,Nxe4,Bd3,f6,Bxe4,fxe5,dxe5,Qd7,O-O,O-O-O,Qc2,Qd2,Qb3,g3,c5,Kc7,Qxe6,Rg7,fxg3,Qe3+,Kh1,Qxe4,Rxf8,Qd5,Qxd5,cxd5,Rxd8,Kxd8,Kh2,Re7,a3,b3,c6,Bxc6,Nc5,Rxe5,Nxb3,Ke7,Kg1,Bd7,Kf2,Kd6,Rc1,Re8,Rc3,h5,Re3,Rc8,Nd4,a5,Rb3,Rc4,Rd3,a4,Kf3,Kc5,Ke3,Bg4,Rd2,Rc3+,Rd3,Kc4,Rxc3+,Kxc3,Nc6,Bd7,Nd4,Kb2,Kd2,Kxa3,Kc3,Ka2,Nc2,Kb1,Na3+,Ka1,Nc2+,Ka2,Nb4+,Kb1,Nc2,Be6,Na3+,Ka2,Nb5,a3,g4,Bxg4,Kb4,d4,Nxa3,d3,Kc3,Kxa3,Kxd3,Kb3,g3,Bh3,Kd2,Kc4,g4,Bxg4,Ke3,Kc3,Kf4,Kd2,Kg5,Ke1,Kg6,Kf2,Kh6,Kg3,Kg5,Kh3,Kg6,Kxh4,Kf6,Kg3,Kg6,h4,Kg7,h3,Kf6,h2,Ke5,h1=Q,Kd6,Qh5,Kc6,Qe5,Kb6,Bd7,Kb7,Qa5,Kb8,Qb6+,Ka8,Bc6#,0-1
Nf3,d5,d3,Nf6,g3,g6,Bg2,Bg7,O-O,O-O,Nbd2,c6,e4,dxe4,dxe4,Na6,Qe2,Nc5,e5,Nh5,h3,f5,Nb3,Nxb3,axb3,h6,Nh4,Kh7,Bf3,Nxg3,fxg3,Qd4+,Kh2,Bxe5,Ng2,g5,Rd1,Qc5,b4,Bxg3+,Kxg3,Qxb4,Kh2,Rf6,c3,Qc5,b4,Qxc3,Bb2,Qxb4,Bxf6,exf6,Rd8,g4,hxg4,fxg4,Qe4+,Qxe4,Bxe4+,Kg7,Bf5,Bxf5,Rxa8,a6,Rb8,b5,Rxa6,Be4,Ra7+,Kg6,Kg3,h5,Kf4,Bxg2,Rg8+,Kh6,Rf7,Bd5,Rxf6+,Kh7,Rgf8,Kg7,Kg5,g3,Rc8,g2,Rc7+,Kg8,Rg6+,Kf8,Kf6,Ke8,Rgg7,Kd8,Rce7,h4,Rd7+,Kc8,Rde7,Kd8,Ra7,c5,Rad7+,Kc8,Rxd5,h3,Rxc5+,Kd8,Rd5+,Kc8,Rh5,h2,Rh8#,1-0
c3,Nf6,d4,d5,Nf3,c5,e3,e6,Bd3,Nbd7,O-O,b6,Nbd2,Bb7,Qe2,Ne4,c4,Bd6,Rd1,O-O,cxd5,exd5,dxc5,Ndxc5,Bb1,Qf6,Nd4,Rae8,Nxe4,dxe4,b4,Ne6,Bb2,Be5,Bc2,Ng5,Ba4,Nf3+,Nxf3,exf3,gxf3,Bxb2,Rab1,Bxf3,Qxb2,Qg5+,Kf1,Qg2+,Ke1,Rd8,Rxd8,Rxd8,Bb5,Qxh2,Bf1,Qd6,Rc1,Qd1+,Rxd1,Rxd1#,0-1
e4,g6,d4,Bg7,h4,d5,e5,c5,c3,Nc6,Nf3,Bg4,Bb5,Qb6,Bxc6+,bxc6,dxc5,Qxc5,Be3,Qb5,Nd4,Bxd1,Nxb5,cxb5,Kxd1,Bxe5,Na3,a6,Kc2,Nf6,Rhe1,Bd6,Bg5,Ne4,Rad1,e6,Rxe4,Bxa3,bxa3,dxe4,Bf6,O-O,Rd4,Rac8,Rxe4,Rc4,Re2,Rfc8,g3,h6,Kb3,Kh7,Rd2,g5,h5,R4c5,Rd7,Kg8,g4,a5,a4,bxa4+,Kxa4,Rc4+,Kxa5,Rxg4,Kb5,Rf4,Bd4,Rxf2,Bxf2,Rxc3,a4,e5,a5,g4,Bh4,g3,Rd8+,Kg7,Bf6+,Kxf6,Rd1,Kg5,a6,Ra3,Rf1,f5,Kb6,f4,a7,Kg4,Kb7,Rxa7+,Kxa7,f3,Kb6,g2,Rd1,f2,Rd6,Kxh5,Rd2,f1=Q,Kc6,Qc4+,Kd6,Qd4+,Rxd4,exd4,Kd5,d3,Ke4,d2,Kf3,d1=Q+,Kg3,Qg4+,Kh2,g1=B+,Kh1,Qe2,Kxg1,Kg4,Kh1,Kg3,Kg1,Qf2+,Kh1,Qa2,Kg1,Qg2#,0-1
e4,g6,d4,Bg7,h4,c5,dxc5,Qa5+,Bd2,Qxc5,Bc3,Nf6,Nd2,d5,exd5,Ng4,Qf3,Bxc3,bxc3,Ne5,Qe3,Qxd5,h5,O-O,hxg6,Nxg6,Qh6,Qe5+,Ne2,Qg7,Qh2,Nc6,Ng3,Bg4,f3,Be6,Nh5,Qxc3,Nf6+,Kg7,Nh5+,Kh8,Rb1,Rad8,Bd3,Rxd3,cxd3,Qxd3,Nf4,Qe3+,Ne2,h6,Rxb7,Kg7,f4,Rh8,Qg1,Qd3,Qc5,Rd8,Qc3+,Qxc3,Nxc3,Nd4,g3,a5,O-O,Rc8,Nb5,Ne2+,Kf2,Nc1,f5,Bxf5,Ke3,Be6,Ne4,Nxa2,Na7,Rc2,Ra1,Nb4,Rxa5,Nd5+,Kd3,Rg2,Nc6,h5,Nxe7,h4,Nxd5,Bxd5,Rxd5,h3,Ng5,h2,Rxf7+,Kh6,Rh7#,1-0
d4,Nf6,Nc3,d5,Bg5,e6,f3,Be7,e4,c5,Bxf6,Bxf6,dxc5,Bxc3+,bxc3,dxe4,Qxd8+,Kxd8,fxe4,Nd7,O-O-O,Kc7,c6,Kxc6,Nf3,Kc7,Ng5,Ne5,Be2,Bd7,Rhf1,f6,Nf3,Nxf3,gxf3,Rad8,Rg1,g5,e5,Rhg8,exf6,Rdf8,Rg4,Rxf6,Rdg1,h6,h4,e5,hxg5,Rfg6,Rc4+,Bc6,Rh1,hxg5,Rh7+,R8g7,Rh8,Rf6,Kd2,Rf4,Ke3,Rxc4,Bxc4,g4,fxg4,Rxg4,Rh7+,Kd6,Bd3,Ra4,Rh6+,Ke7,Rh7+,Kf6,Rh6+,Kf7,Kd2,e4,Be2,Kg7,Rh5,Rxa2,Rc5,Kf6,Bb5,Bxb5,Rxb5,b6,c4,Ra5,Rb1,Ke5,Rh1,Kd4,Rh4,Re5,Rh7,a5,Rc7,Rc5,Rd7+,Kxc4,Re7,Kd4,c3+,Kc4,Rxe4+,Kb3,Rd4,Rxc3,Rd5,Rc5,Rd6,b5,Kd3,b4,Kd4,Rc3,Rg6,a4,Rg1,a3,Rb1+,Ka4,Rxb4+,Kxb4,Kd5,a2,Ke4,a1=Q,Kd5,Qd1+,Ke6,Rc2,Kf5,Re2,Kg6,Qf1,Kh7,Rg2,Kh6,Qh1#,0-1
d4,d5,Bf4,Nf6,e3,e6,Nf3,Bd6,Ne5,Nbd7,Nd2,O-O,Bd3,b6,c3,Bb7,Qf3,Bxe5,dxe5,Nc5,Bc2,Nfe4,Qh3,Ba6,f3,Bd3,Bd1,Nxd2,Kxd2,a5,b4,axb4,cxb4,Bf5,g4,d4,e4,Bxe4,fxe4,Nxe4+,Ke2,d3+,Kf1,Qd4,Qe3,Qxa1,Kg2,Rxa2+,Kf3,Rf2+,Kxe4,Qa8+,Kxd3,Rd8+,Kc4,Qxh1,Qxf2,Qxd1,Be3,Qd3#,0-1
d4,Nf6,c4,e6,g3,Bb4+,Nd2,O-O,Bg2,d5,Ngf3,c5,cxd5,cxd4,a3,Be7,Nxd4,Nxd5,O-O,Bd7,Nc4,Nc6,Nxc6,Bxc6,Ne5,Bb5,Bxd5,Qxd5,Qxd5,exd5,Re1,Bf6,Ng4,Bd8,Be3,Re8,Rad1,Bc4,Bd4,Rxe2,Ne3,Rxe1+,Rxe1,Bb3,Nxd5,Ba5,Bc3,Bxd5,Bxa5,b6,Bc3,f6,f4,Kf7,Kf2,Re8,Rd1,Bc4,Rd2,Bb5,b3,Re7,a4,Bd7,Bb4,Be6,Bxe7,Kxe7,b4,a5,bxa5,bxa5,Rb2,Bd7,Rb7,Kd6,Ra7,Bxa4,Rxa5,Bd7,Ra6+,Ke7,Ra7,Kd6,Ke3,g5,Ke4,h6,Rxd7+,Kxd7,Kf5,Ke7,Kg6,gxf4,gxf4,Ke6,f5+,Ke5,h3,h5,h4,Kf4,Kxf6,Kg4,Kg6,Kxh4,f6,Kg3,f7,h4,f8=Q,h3,Qf1,Kh2,Kg5,Kg3,Qh1,h2,Kf5,Kf2,Kf4,Ke2,Qxh2+,Kd3,Qf2,Kc4,Qe3,Kb5,Qe4,Kc5,Qe5+,Kb6,Ke4,Kc6,Qd5+,Kb6,Ke5,Kc7,Qd6+,Kb7,Kd5,Kc8,Qc6+,Kb8,Kc5,Ka7,Qb5,Ka8,Kc6,Ka7,Qb7#,1-0
e4,e5,Nf3,Nc6,Bc4,Nf6,d3,Be7,c3,O-O,O-O,d6,Bb3,Be6,Bc2,h6,Nbd2,Kh7,Re1,g6,d4,exd4,cxd4,Nb4,Bb1,Bg4,a3,Nc6,h3,Bxf3,Nxf3,Nh5,Qd2,g5,e5+,Kg7,d5,Nxe5,Nxe5,dxe5,Rxe5,Nf4,Qc2,Ng6,Rf5,Qe8,Be3,Bd6,Qd3,Qe7,Bc2,Rae8,Rd1,Rd8,Re1,Qd7,Bd4+,Kh7,Rf6,Rg8,Qf3,Rdf8,Qh5,Bf4,Ree6,Rg7,Rxg6,fxg6,Rxg6,Rf5,Bxf5,Qe8,Rxg7+,Kh8,Qxe8#,1-0
e4,c5,Nf3,Nc6,Bb5,e6,Bxc6,bxc6,d3,Ne7,O-O,Ng6,Nbd2,d6,Nc4,e5,c3,Be7,Qa4,Bd7,Be3,O-O,h3,f5,exf5,Rxf5,Ncd2,Qf8,d4,cxd4,cxd4,e4,Nxe4,Rxf3,gxf3,Qxf3,Nd2,Qxh3,Qc2,Nh4,Qe4,d5,Qh1,Qg4+,Kh2,Bd6+,f4,Re8,Qg1,Qh3#,0-1
d4,Nf6,Nf3,d5,c4,c6,e3,e6,b3,c5,cxd5,Nxd5,Nbd2,cxd4,Nxd4,Be7,Bb2,O-O,Bc4,Nb6,Bd3,Bd7,Qb1,h6,Bh7+,Kh8,Be4,Bc6,O-O,Bxe4,Qxe4,Qd5,Qg4,Rg8,Ne4,N8d7,Nf3,Qa5,Rfd1,Rac8,a4,Rc2,Bd4,Nf6,Nxf6,gxf6,Qf4,Kg7,Qh4,Nd7,e4,Rd8,e5,Rcc8,b4,Qc7,Be3,Nxe5,Bxh6+,Kg6,Bf4,Nxf3+,gxf3,Qc6,Qg4+,Kh7,Kh1,Qd5,Qh3+,Kg7,Qh6+,Kg8,Rg1+,Qg5,Rxg5+,fxg5,Be5,f6,Qg6+,Kh8,Qxg5,Rc1+,Rxc1,fxe5,Qxe7,Rg8,Qf6+,Rg7,Rc7,Kg8,Qxg7#,1-0
d4,Nf6,Nc3,d5,Bg5,c6,f3,Bf5,e3,Bg6,Bd3,Bxd3,cxd3,e6,Ke2,Nbd7,Kf2,h6,Bh4,Ng4+,fxg4,Qxh4+,g3,Qg5,Nf3,Qxg4,h3,Qg6,Kg2,Bd6,Ne2,h5,Nh4,Qg5,Nf4,Qh6,Nf3,g5,Nxh5,Qxh5,g4,Qh6,Qe2,O-O-O,e4,f5,e5,Be7,Rac1,Rdf8,a3,fxg4,hxg4,Qg6,b4,Rxh1,Kxh1,Rf4,b5,Rxg4,bxc6,bxc6,Rxc6+,Kd8,Qc2,Qh5+,Nh2,Bxa3,Rc8+,Ke7,Qc7,Rg1+,Kxg1,Qd1+,Nf1,Qxd3,Qd8+,Kf7,Qxd7+,Kg6,Rg8+,Kh5,Qf7+,Kg4,Nh2+,Kg3,Rxg5+,Kh4,Qh5#,1-0
c4,Nf6,g3,e5,Bg2,c6,d4,exd4,Qxd4,Na6,Nf3,Bc5,Qe5+,Qe7,Qxe7+,Bxe7,O-O,O-O,Nc3,Nc7,Bf4,Ne6,Be3,d5,cxd5,cxd5,Rfd1,Rd8,Nd4,Nc5,Ndb5,Be6,Rac1,Nce4,Nxe4,dxe4,Nc7,Bxa2,Nxa8,Rxa8,Rc7,Nd5,Rxb7,Nxe3,fxe3,Bc5,Kf2,Re8,b4,Bb6,Bh3,g6,Rc1,f5,Rd1,Be6,g4,fxg4,Bg2,Rf8+,Kg3,Bxe3,Bxe4,Bb6,Bd5,Re8,Bxe6+,Rxe6,Rd2,h5,Kg2,Kf8,Kf1,Rf6+,Ke1,Bf2+,Kd1,Be3,Rd8#,1-0
e4,e5,Nf3,Nc6,Bb5,Nf6,d3,Bc5,Bxc6,dxc6,Nbd2,Qe7,O-O,Bg4,h3,Bh5,Nc4,Nd7,Be3,h6,Rb1,O-O,Bxc5,Qxc5,b4,Qe7,Ne3,Qf6,g4,Bg6,Kg2,Rfd8,Qe2,Nf8,Nc4,Ne6,Qe3,Nf4+,Kg3,Re8,Ncxe5,Ne6,Nxg6,fxg6,d4,g5,c3,Rf8,Ne5,Rad8,Nd3,Rde8,Rbe1,Nf4,Kh2,Nd5,Qd2,Qd6+,Kg2,Nf4+,Nxf4,Rxf4,f3,h5,Re3,h4,Rfe1,Ref8,Qd3,R4f7,e5,Qd5,c4,Qd8,d5,cxd5,Qxd5,Qe7,a3,Kh8,e6,Rf4,Qd7,Re8,Qxe7,Rxe7,Re4,Rf6,Re5,Rg6,f4,gxf4,Kf3,Rf6,g5,Rf8,R1e4,Rd8,Kxf4,Rd3,Re3,Rd4+,R5e4,Rd1,Kg4,Rg1+,Kf5,Kh7,Rxh4+,Kg8,Rd4,Kh7,Rh4+,Kg8,Kg6,Rd1,Rhe4,Rd6,c5,Rd5,h4,c6,Rf4,Rd8,Rf7,Rde8,Rxe7,Rxe7,h5,b6,h6,bxc5,bxc5,a5,hxg7,a4,Kf6,Re8,e7,Kh7,Rh3+,Kg8,Rh8#,1-0
e4,c5,c3,e6,d4,d5,Bb5+,Nc6,exd5,exd5,Nf3,Nf6,O-O,Be7,dxc5,Bxc5,Bg5,Be6,Nbd2,O-O,Nb3,Bb6,Nbd4,Rc8,Re1,Bd7,Ba4,Nxd4,Nxd4,Bxa4,Qxa4,Rc4,Qb3,Bxd4,cxd4,Rxd4,Qxb7,Rg4,Be3,d4,Rad1,Qa5,b4,Qxa2,Bxd4,Rf4,Bc5,Re8,Rxe8+,Nxe8,Qe7,Qa4,Qf8#,1-0
e4,c5,b3,Nf6,e5,Nd5,Nc3,e6,Bb2,Nc6,Ne4,b6,c4,Nf4,g3,Ng6,f4,Bb7,Qe2,Nb4,Bg2,Nc2+,Kd1,Nd4,Bxd4,cxd4,h4,h5,Nd6+,Bxd6,Bxb7,Bc5,Bxa8,Qxa8,Qf3,Qb8,a3,a5,Nh3,b5,b4,axb4,axb4,O-O,bxc5,bxc4,Ke2,Qb4,Rhb1,Qxc5,Ng5,c3,dxc3,dxc3,Ne4,Qc6,Nxc3,Qc4+,Qd3,Qc6,Ne4,Ne7,Ra6,Qc8,Nd6,Qc7,Qc4,Qxc4+,Nxc4,Nd5,Kd2,Rd8,Rba1,Nc7,Ra7,Nd5,Ra8,Rxa8,Rxa8+,Kh7,Ra7,Ne7,Nd6,Nc6,Rxd7,Nb8,Rxf7,Na6,f5,exf5,e6,f4,e7,Nc7,Rxf4,Kh8,Rc4,Ne8,Nxe8,Kh7,Nd6,Kg6,e8=Q+,Kh6,Rc7,Kh7,Qxh5+,Kg8,Rc8#,1-0
d4,d5,Nf3,Nf6,c4,e6,Nc3,Be7,Qb3,Nbd7,Bf4,c6,e3,O-O,Be2,Nh5,Bg3,Nxg3,hxg3,h6,g4,Nf6,g5,hxg5,Nxg5,dxc4,Bxc4,Nd5,Qc2,f5,Nh7,Rf7,g4,g6,gxf5,exf5,e4,fxe4,Qxe4,Bf5,Qe5,Rxh7,Rxh7,Kxh7,Ke2,Nxc3+,bxc3,Qd6,Rh1+,Bh4,Rxh4#,1-0
Nf3,g6,d4,Bg7,c4,c5,d5,d6,Nc3,Bxc3+,bxc3,f5,e4,fxe4,Ng5,Nf6,Qc2,Qa5,Bd2,Bf5,g4,Bxg4,Nxe4,Nbd7,Bd3,Nxe4,Bxe4,Nb6,Bxg6+,Kd8,Bd3,Qa4,Qxa4,Nxa4,Rg1,Bd7,Rg7,h5,Ke2,Nb2,Bg5,Re8,Kd2,Nxd3,Kxd3,Bf5+,Kd2,Kd7,Re1,Kc7,Bxe7,Bd7,Reg1,a6,R1g6,b5,Bxd6+,Kc8,Bxc5,bxc4,Rd6,Bf5,Rc6+,Kb8,Bd6#,1-0
d4,g6,h4,Nf6,c4,c5,d5,d6,Nc3,Bg7,e4,O-O,Be2,e6,h5,exd5,exd5,Re8,h6,Bh8,Nf3,Bg4,O-O,Bxf3,Bxf3,Nbd7,Bf4,Ne5,Be2,Nfd7,Qd2,a6,a4,f5,Rfe1,Qa5,Ra3,Rab8,Qc2,Bf6,Bd2,Qd8,a5,Nf7,Raa1,Bg5,b4,cxb4,Na4,Bxd2,Qxd2,Qxa5,Nb2,Qd8,Nd3,a5,Nf4,Nc5,Bf3,Ne5,Ne6,Qh4,Be2,b6,f4,Ng4,Bxg4,Qxg4,Qd4,Nxe6,Rxe6,Rxe6,Qg7#,1-0
e4,e5,Nf3,Nc6,Nc3,Nf6,a3,g6,Bc4,Bg7,d3,O-O,O-O,d6,h3,Nh5,Bg5,Bf6,Bh6,Bg7,Bg5,Bf6,Bh6,Re8,Nd5,Be6,Nxf6+,Qxf6,Qd2,Nf4,Bg5,Nxh3+,Kh2,Nxg5,Nxg5,Bxc4,dxc4,Nd4,Rae1,h6,Nh3,g5,c3,Ne6,g3,g4,Ng1,Ng5,Qe3,Qe6,c5,Kg7,cxd6,cxd6,Rd1,b6,Kg2,Rad8,Rd5,Qg6,Re1,Re6,f3,gxf3+,Nxf3,Nxf3,Qxf3,Rf6,Qd3,Kh7,Rxe5,dxe5,Qxd8,Rd6,Qe7,Rd2+,Kf1,Qh5,g4,Qh1#,0-1
e4,c5,c3,e6,d4,d5,exd5,exd5,Bb5+,Nc6,Nf3,Nf6,O-O,Be7,dxc5,Bxc5,Bg5,Be6,Nbd2,O-O,Nb3,Bb6,Nbd4,Rc8,Re1,Bg4,Nxc6,bxc6,Ba6,Rc7,h3,Bh5,Qd3,h6,Bf4,Re7,Ne5,Re6,g4,Bg6,Nxg6,Rxe1+,Rxe1,fxg6,Qxg6,Bxf2+,Kxf2,Qb6+,Kg2,Ne4,Rxe4,dxe4,Bc4+,Kh8,Qd6,Qxb2+,Kg3,Qxc3+,Kh4,g5+,Kh5,Kh7,Qxh6#,1-0
d4,d5,Bf4,e6,e3,c5,c3,Nc6,Bd3,Nf6,Nd2,Bd6,Bg3,b6,Ngf3,Bb7,Ne5,Qc7,f4,Ne7,Bh4,a6,Qf3,Ng6,Bg5,Be7,Bxf6,gxf6,Ng4,h5,Nf2,f5,O-O,h4,Kh1,c4,Bc2,b5,Rg1,Kd7,g3,Rag8,g4,fxg4,Nxg4,f5,Ne5+,Nxe5,fxe5,Qd8,Rxg8,Rxg8,Rg1,Bc6,Qf2,Kc7,Nf3,Rxg1+,Qxg1,Qh8,Qg6,Bd7,Ng5,Bxg5,Qxg5,h3,Bd1,Qh7,Bh5,a5,Kg1,b4,a3,f4,Bg6,Qg7,Qf6,Qg8,exf4,Be8,Qe7+,Bd7,Qf7,Qb8,f5,bxc3,fxe6,Qxb2,Qxd7+,Kb8,Qd6+,Ka7,Qd7+,Kb6,Qd6+,Kb5,Qxd5+,Ka4,Qxc4+,Kxa3,Qc5+,Qb4,Qxb4+,axb4,e7,b3,e8=Q,c2,Qa8+,Kb2,Bxc2,bxc2,Qc6,c1=Q+,Qxc1+,Kxc1,e6,Kd2,d5,Ke3,d6,Ke4,d7,Kf4,e7,Ke5,d8=Q,Kf6,e8=Q+,Kg7,Qh8+,Kg6,Qxh3,Kf7,Qdh8,Ke7,Q8h5,Kd6,Qa5,Kc6,Qh6+,Kb7,Qag5,Kb8,Qgg7,Kc8,Qhh8#,1-0
e4,c5,Nf3,d6,d4,cxd4,Nxd4,Nf6,Nc3,a6,f3,e6,Be3,Qc7,Qd2,b5,g4,Nfd7,Qf2,Bb7,Bd3,Ne5,h4,Nbd7,g5,Nc5,Qe2,b4,Nd1,d5,exd5,Bxd5,Nf2,Qb7,Rh3,Rc8,Bf4,Nexd3+,Nxd3,Nxd3+,Qxd3,Bc5,O-O-O,Bxa2,Nb3,Bxb3,Qxb3,O-O,h5,Rfd8,Re1,Qd5,Qxd5,Rxd5,g6,Rf5,Bd2,b3,gxf7+,Kxf7,c3,Rd8,h6,g5,Re4,Rd3,Rc4,Be7,Kd1,Rfd5,Ke2,Rxd2+,Ke3,Rxb2,f4,g4,Rg3,Rb1,Rxg4,Re1+,Kf2,b2,Kxe1,b1=Q+,Kf2,Qa2+,Kg3,Qxc4,Kh3,Qf1+,Kh2,Rh5+,Kg3,Rh3#,0-1
